codigo,nome,preco,tag,estoque,imagem
2889,Garrafa Classic Hammertone Green Stanley,"R$549,90",Acessórios,1,""
2146,Mochila de Couro Nômade Italiano Preto (Nordweg),"R$1.689,00",Mochilas,1,""
3389,Projetor Acer X1228H 4800 Lumens XGA HDMI,"R$4.999,90",Projetores,3,""
2634,Relógio de Pulso Orient (A1KX FGSS0247),"R$609,90",Relógios,1,""
2655,Relógio de Pulso Orient (A1KX FGSS0239),"R$609,90",Relógios,1,""
2633,Relógio de Pulso Orient (A1KX FGSS0249),"R$1.039,90",Relógios,1,"fotos/Relógio de Pulso Orient (A1KX FGSS0249).png"
3141,Relógio de Pulso Orient Mecânico Automático (A1SX NH3SS010),"R$1.499,90",Relógios Automáticos,2,""
3462,Relógio de Pulso Orient (A1SX LBSS0090),"R$879,90",Relógios,1,""
3470,Relógio de Pulso Oslo (A2SX OFTSSS9T0076),"R$1.289,90",Relógios,1,""
3154,Relógio de Pulso Orient (A3GX GGSC1002),"R$1.199,90",Relógios,1,""
3463,Relógio de Pulso Orient (A3SX LBSS0092),"R$1.079,90",Relógios,1,""
3469,Relógio de Pulso Oslo (B1SK OFTSSS9T0049),"R$1.259,90",Relógios,1,""
3467,Relógio de Pulso Oslo (B1SX OFBSSS9T0007),"R$929,90",Relógios,1,""
3466,Relógio de Pulso Oslo (B1SX OFBSSS9T0002),"R$929,90",Relógios,1,""
3465,Relógio de Pulso Orient (B3KX LGSS1021),"R$1.539,90",Relógios,1,""
3153,Relógio de Pulso Orient (B3PX GGSC1002),"R$1.199,90",Relógios,1,""
3518,Relógio de Pulso Lince (C1KX LRGM059L36),"R$1,00",Relógios,1,""
2656,Relógio de Pulso Orient (C1KX FGSS0244),"R$1.319,90",Relógios,1,""
3458,Relógio de Pulso Orient (C1KX FGSS0214),"R$1,00",Relógios,1,""
3464,Relógio de Pulso Orient (C1KX LGSS0062),"R$1.069,90",Relógios,1,""
2329,Relógio de Pulso Orient (C2KX FGSSM089),"R$999,90",Relógios,1,""
2340,Relógio de Pulso Orient (C2KX MGSS1151),"R$759,90",Relógios,1,""
2331,Relógio de Pulso Orient (D1DX FTSPM005),"R$999,90",Relógios,1,""
3459,Relógio de Pulso Orient (D1KX FGSS0242),"R$1.079,90",Relógios,1,""
2309,Relógio de Pulso Orient (D1KX MGSS1291),"R$939,90",Relógios,1,""
2670,Relógio de Pulso Orient (D1KX MGSS1294),"R$1.049,90",Relógios,1,""
2652,Relógio de Pulso Orient (D1PX MYSPC008),"R$1.589,90",Relógios,2,""
2324,Relógio de Pulso Orient Mecânico Automático (D1SK YN6TT004),"R$2.149,90",Relógios Automáticos,2,""
2343,Relógio de Pulso Orient Mecânico Automático (D1SX NH7SS003),"R$2.149,90",Relógios Automáticos,1,""
2293,Relógio de Pulso Orient Mecânico Automático (D1SX F49SS026NH),"R$1.389,90",Relógios Automáticos,1,""
2653,Relógio de Pulso Orient Mecânico Automático (D1SX YN8SS002),"R$3.999,90",Relógios Automáticos,1,
2524,Relógio de Pulso Orient (D1SX MBSS1511),"R$1.139,90",Relógios,1,
2306,Relógio de Pulso Orient (D1SX MBSSC282),"R$1.199,90",Relógios,2,
3455,Relógio de Pulso Orient (D1SX FBSS0123),"R$929,90",Relógios,1,
2525,Relógio de Pulso Orient (D1SX MBSSC280),"R$1.499,90",Relógios,1,
2661,Relógio de Pulso Orient (D1SX MBSS1502),"R$799,90",Relógios,1,
3158,Relógio de Pulso Orient (D1SX MBSS1519),"R$1.649,90",Relógios,1,
3160,Relógio de Pulso Orient (D1SX MBSSC298),"R$2.499,90",Relógios,1,
2649,Relógio de Pulso Orient (D2GX MPSS1058),"R$1.139,90",Relógios,1,
2647,Relógio de Pulso Orient (D2KX MGSSC068),"R$1.399,90",Relógios,1,
2310,Relógio de Pulso Orient (D2KX MGSS1298),"R$999,90",Relógios,1,
2326,Relógio de Pulso Orient (D2KX MGSS1302),"R$999,90",Relógios,1,
3143,Relógio de Pulso Orient Mecânico Automático (D2SX NH3SS017),"R$2.549,90",Relógios Automáticos,1,
2337,Relógio de Pulso Orient (D2SX MBSS1476),"R$699,90",Relógios,1,
2303,Relógio de Pulso Orient (D2SX MBSS1509),"R$839,90",Relógios,3,
2640,Relógio de Pulso Orient (D2SX MBSS1510),"R$799,90",Relógios,1,
2642,Relógio de Pulso Orient (D2SX MBSSC281),"R$1.269,90",Relógios,2,
2663,Relógio de Pulso Orient (D2SX MBSS1504),"R$599,90",Relógios,1,
2334,Relógio de Pulso Orient (E1EX GTSPA001),"R$1.499,90",Relógios,1,
3145,Relógio de Pulso Orient Mecânico Automático (E1GX NH3YY006),"R$1.799,90",Relógios Automáticos,1,
2632,Relógio de Pulso Orient (E1KX FGSS0243),"R$999,90",Relógios,1,
3155,Relógio de Pulso Orient (E1MX MBSCC070),"R$2.299,90",Relógios,1,
2528,Relógio de Pulso Orient Mecânico Automático (E1SX YN6SS012),"R$2.499,90",Relógios Automáticos,3,
2322,Relógio de Pulso Orient Mecânico Automático (E1SX YN6SS005),"R$1.999,90",Relógios Automáticos,2,
3142,Relógio de Pulso Orient Mecânico Automático (E1SX NH3SS016),"R$2.549,90",Relógios Automáticos,2,
3450,Relógio de Pulso Orient Mecânico Automático (E1SX NH3SS006),"R$1.499,90",Relógios Automáticos,1,
3150,Relógio de Pulso Orient Mecânico Automático (E1SX YN6SS018),"R$2.149,90",Relógios Automáticos,3,
2338,Relógio de Pulso Orient (E1SX MBSS1480),"R$999,90",Relógios,1,
3461,Relógio de Pulso Orient (E1SX LBSS0090),"R$499,90",Relógios,1,
3457,Relógio de Pulso Orient (E1SX FBSS0149),"R$969,90",Relógios,1,
2527,Relógio de Pulso Orient (E2EX MPSNC006),"R$1.499,90",Relógios,1,
2341,Relógio de Pulso Orient (E2KX MGSS1273),"R$839,90",Relógios,1,
2346,Relógio de Pulso Orient Mecânico Automático (E2SX YN6SS010),"R$1.899,90",Relógios Automáticos,2,
2638,Relógio de Pulso Orient (E2SX MBSS1506),"R$789,90",Relógios,2,
2657,Relógio de Pulso Orient (F1KX FGSS0248),"R$799,90",Relógios,2,
2659,Relógio de Pulso Orient (F1SX LBSS0091),"R$799,90",Relógios,1,
3168,Relógio de Pulso Orient (G1GX MYSSC018),"R$1.649,90",Relógios,1,
2294,Relógio de Pulso Orient (G1KG FTSK0008),"R$1.449,90",Relógios,2,
2349,Relógio de Pulso Orient (G1KX MGSS1291),"R$939,90",Relógios,1,
2646,Relógio de Pulso Orient (G1KX MGSSC063),"R$1.589,90",Relógios,1,
2666,Relógio de Pulso Orient (G1KX MGSSC070),"R$1.589,90",Relógios,1,
2316,Relógio de Pulso Orient (G1PX MTSPC017),"R$1.499,90",Relógios,1,
2635,Relógio de Pulso Orient (G1RG FTSK0007),"R$1.539,90",Relógios,2,
3453,Relógio de Pulso Orient Mecânico Automático (G1SR YN8MM001),"R$3.999,90",Relógios Automáticos,1,
2630,Relógio de Pulso Orient Mecânico Automático (G1SX 469SS076NH),"R$1.329,90",Relógios Automáticos,1,
3147,Relógio de Pulso Orient Mecânico Automático (G1SX YN8SS004),"R$3.599,90",Relógios Automáticos,3,
3146,Relógio de Pulso Orient Mecânico Automático (G1SX YN8SS003),"R$3.599,90",Relógios Automáticos,2,
2301,Relógio de Pulso Orient (G1SX MBSS1494),"R$699,90",Relógios,2,
2300,Relógio de Pulso Orient (G1SX MBSS1499),"R$759,90",Relógios,1,
2305,Relógio de Pulso Orient (G1SX MBSSC278),"R$1.139,90",Relógios,1,
2643,Relógio de Pulso Orient (G1SX MBSSC286),"R$1.399,90",Relógios,1,
3157,Relógio de Pulso Orient (G1SX MBSS1519),"R$1.649,90",Relógios,1,
2667,Relógio de Pulso Orient (G2GX MPSS1055),"R$1.059,90",Relógios,1,
2318,Relógio de Pulso Orient (G2GX MYSS1036),"R$1.139,90",Relógios,1,
2314,Relógio de Pulso Orient (G2PX MPSS1051),"R$989,90",Relógios,1,
3162,Relógio de Pulso Orient (G2PX MGSC1020),"R$849,90",Relógios,1,
2339,Relógio de Pulso Orient (G2SX MBSSC243),"R$999,90",Relógios,1,
3486,Relógio de Pulso Orient (G2SX MBSS1307),"R$1,00",Relógios,1,
2302,Relógio de Pulso Orient (G2SX MBSS1500),"R$759,90",Relógios,1,
2297,Relógio de Pulso Orient (L1KX LGSS0068),"R$959,90",Relógios,1,
2296,Relógio de Pulso Orient (N1RN FTSS0140),"R$1.079,90",Relógios,1,
3148,Relógio de Pulso Orient Mecânico Automático (N1SX YN6SS019),"R$2.149,90",Relógios Automáticos,1,
2332,Relógio de Pulso Orient (P1KP FTSS0141),"R$999,90",Relógios,1,
2313,Relógio de Pulso Orient (P1KX MGSSC069),"R$1.269,90",Relógios,1,
3527,Relógio de Pulso Lince M Quartz (P1MX MAC4764L46),"R$1,00",Relógios,1,
3471,Relógio de Pulso Oslo (P1PR OLTSKS9T0002),"R$2.239,90",Relógios,1,
3452,Relógio de Pulso Orient Mecânico Automático (P1PX YN6PP012),"R$3.169,90",Relógios Automáticos,1,
2333,Relógio de Pulso Orient Mecânico Automático (P1SX F49SS014),"R$2.999,90",Relógios Automáticos,1,
2629,Relógio de Pulso Orient Mecânico Automático (P1SX 469SS058NH),"R$1.329,90",Relógios Automáticos,1,
3152,Relógio de Pulso Orient Mecânico Automático (P1SX NH3MM016),"R$3.599,90",Relógios Automáticos,1,
3451,Relógio de Pulso Orient Mecânico Automático (P1SX NH3SS007),"R$1.459,90",Relógios Automáticos,1,
3448,Relógio de Pulso Orient Mecânico Automático (P1SX 469SS068NH),"R$1.459,90",Relógios Automáticos,1,
3161,Relógio de Pulso Orient (P1SX MBSSC300),"R$2.099,90",Relógios,1,
3151,Relógio de Pulso Orient Mecânico Automático (P2EX YN6PN009),"R$1.899,90",Relógios Automáticos,1,
2645,Relógio de Pulso Orient (P2KX MGSS1300),"R$879,90",Relógios,1,
3163,Relógio de Pulso Orient (P2PX MGSP0002),"R$849,90",Relógios,1,
2648,Relógio de Pulso Orient (P2PX MPSS1054),"R$1.059,90",Relógios,1,
2315,Relógio de Pulso Orient (P2PX MPSNC007),"R$1.769,90",Relógios,1,
3156,Relógio de Pulso Orient (P2PX MBSCC071),"R$1.799,90",Relógios,1,
2668,Relógio de Pulso Orient Mecânico Automático (P2SX YN6SS009),"R$1.839,90",Relógios Automáticos,2,
2327,Relógio de Pulso Orient Mecânico Automático (P2SX YN6SS007),"R$1.899,90",Relógios Automáticos,1,
3144,Relógio de Pulso Orient Mecânico Automático (P2SX NH3SS018),"R$2.699,90",Relógios Automáticos,1,
2336,Relógio de Pulso Orient (P2SX MBSS1466),"R$459,90",Relógios,1,
2307,Relógio de Pulso Orient (P2SX MBSSC289),"R$1.769,90",Relógios,1,
2644,Relógio de Pulso Orient (P2SX MBSSC287),"R$1.589,90",Relógios,1,
2636,Relógio de Pulso Orient (P2SX MBSS1503),"R$799,90",Relógios,2,
2639,Relógio de Pulso Orient (P2SX MBSS1507),"R$609,90",Relógios,1,
3165,Relógio de Pulso Orient (P2SX MBSSC263),"R$1.199,90",Relógios,1,
3550,Relógio de Pulso XWatch (P2SX XMSS1069),"R$1,00",Relógios,1,
2578,Smartwatch X-Watch (PXBX XSWUQPI007A),"R$359,90",Smartwatches,4,
2330,Relógio de Pulso Orient (R1RX FRSS0123),"R$1.139,90",Relógios,1,
3460,Relógio de Pulso Orient (R1SX FTSSM066),"R$929,90",Relógios,1,
3456,Relógio de Pulso Orient (R1SX FBSS0145),"R$879,90",Relógios,1,
2328,Relógio de Pulso Orient (S1KX FGSSM085),"R$839,90",Relógios,1,
2348,Relógio de Pulso Orient (S1KX MGSS1287),"R$839,90",Relógios,1,
2298,Relógio de Pulso Orient (S1KX LGSS0068),"R$959,90",Relógios,1,
2658,Relógio de Pulso Orient (S1KX FGSS0248),"R$799,90",Relógios,1,
3167,Relógio de Pulso Orient (S1SR MTSSC046),"R$1.899,90",Relógios,1,
3449,Relógio de Pulso Orient Mecânico Automático (S1SX NH3SS006),"R$1.499,90",Relógios Automáticos,1,
2660,Relógio de Pulso Orient (S1SX MBSS0011),"R$1.189,90",Relógios,1,
2641,Relógio de Pulso Orient (S1SX MBSS1512),"R$1.209,90",Relógios,1,
3454,Relógio de Pulso Orient (S1SX FBSS0124),"R$839,90",Relógios,1,
2304,Relógio de Pulso Orient (S1SX MBSSC275),"R$1.389,90",Relógios,1,
3166,Relógio de Pulso Orient (S1SX MBSSC276),"R$1.499,90",Relógios,1,
3159,Relógio de Pulso Orient (S1SX MBSSC298),"R$2.499,90",Relógios,3,
3468,Relógio de Pulso Oslo (S1SX OFBSSS9T0024),"R$1,00",Relógios,1,
2311,Relógio de Pulso Orient (S2KX MGSS1302),"R$999,90",Relógios,1,
3473,Relógio de Pulso Orient (S2SX MBSS1154A),"R$1,00",Relógios,1,
3498,Relógio de Pulso Orient (S2SX MBSS1396),"R$1,00",Relógios,1,
2344,Relógio de Pulso Orient Mecânico Automático (T2NX YN6SC006),"R$1.899,90",Relógios Automáticos,1,
2323,Relógio de Pulso Orient Mecânico Automático (T2SX YN6SS006),"R$1.999,90",Relógios Automáticos,1,
2308,Relógio de Pulso Orient (T2SX MBSSC290),"R$1.499,90",Relógios,2,
2345,Relógio de Pulso Orient Mecânico Automático (W1SX YN6SS004),"R$1.999,90",Relógios Automáticos,3,
2650,Relógio de Pulso Orient Mecânico Automático (W1SX NH3SS009),"R$1.459,90",Relógios Automáticos,2,
2317,Relógio de Pulso Orient Mecânico Automático (Y1SX NH3SS011),"R$1.389,90",Relógios Automáticos,3,
2556,Copo Cerveja sem Tampa Stanley 473ml,"R$199,90",Acessórios,1,
2557,Copo Everyday Stanley 296ml,"R$299,90",Acessórios,1,
3719,"Copo Quencher Black Stanley 1,18L","R$599,90",Acessórios,2,
3717,"Copo Quencher Camel Stanley 1,18L","R$599,90",Acessórios,1,
2552,Garrafa Aerolight Twilight Stanley,"R$399,90",Acessórios,1,
3716,Copo Quencher Cornflwr CAB Stanley 887ml,"R$599,90",Acessórios,1,
3718,"Copo Quencher Hydrangea Stanley 1,18L","R$499,90",Acessórios,2,
3575,Relógio de Pulso Orient Mecânico Automático (A1PX YN6SC019),"R$2.189,90",Relógios Automáticos,2,
3809,Relógio de Pulso Orient Mecânico Automático (A1SX YN6SS023),"R$2.399,90",Relógios Automáticos,1,
3577,Relógio de Pulso Orient Mecânico Automático (A1SX YN6SS017),"R$2.319,90",Relógios Automáticos,2,
1489,Hub Adaptador Baseus 6 in 1 Starjoy,"R$549,00",Informática,1,
3957,Hub Adaptador Imenso USB-C 10 in 1 IMS712,"R$405,00",Informática,10,
3622,Hub Adaptador Imenso USB-C 5 in 1 IMS710,"R$279,90",Informática,20,
1721,Adaptador RJ45 Starlink 2ª Geração,"R$499,00",Redes,3,
2155,Adaptador Wi-Fi TP-Link Archer TX20E PCIe,"R$349,90",Redes,3,
3715,Adaptador Wi-Fi TP-Link Archer TX20E PCIe,"R$349,90",Redes,2,
2156,Adaptador Wireless TP-Link TL-WN781ND,"R$119,90",Redes,1,
3598,Fone de Condução Óssea Geonav IPX8 (AER17BK),"R$499,90",Áudio,7,
2773,Alicate de Aço Multifunções,"R$3,00",Ferramentas,3,
2252,Apple AirPods 4,"R$1.499,00",Áudio,1,
1228,Apple AirTag (1 Unidade),"R$349,90",Acessórios,2,
1628,Cabo Apple Charge USB-C para USB-C 60W,"R$299,00",Acessórios,30,
3883,Apple iPhone 17 256GB Branco,"R$5.080,00",Smartphones,1,
3594,Apple iPhone 17 256GB Preto,"R$5.080,00",Smartphones,2,
3221,Apple iPhone 17 Pro Max 256GB Laranja,"R$0,00",Smartphones,3,
3047,Apple iPhone 17 Pro Max 256GB Silver,"R$0,00",Smartphones,1,
3050,Apple iPhone 17 Pro 256GB Silver,"R$12.220,00",Smartphones,1,
2927,Apple Pencil 2ª Geração,"R$1.599,90",Acessórios,1,
3864,Apresentador Wireless Kross KE-MP50,"R$189,00",Informática,8,
2158,Apresentador Logitech R400 Laser Pointer,"R$299,90",Informática,8,
2967,Autotransformador Force Line 100VA Bivolt,"R$139,90",Energia,3,
2121,Autotransformador Force Line 1500VA Bivolt,"R$279,90",Energia,2,
2968,Autotransformador Force Line 300VA Bivolt,"R$149,90",Energia,2,
1576,Autotransformador Force Line 500VA Bivolt,"R$1,00",Energia,1,
3127,Relógio de Pulso Oslo (B1KX OMGSSSVS0002),"R$1.299,90",Relógios,1,
2918,Relógio de Pulso Orient (B1NX),"R$ 1.029,90",Relógios,1,
3815,Relógio de Pulso Orient (B3SX),"R$ 1.399,90",Relógios,1,
3926,Bag Prodigee The Sleeve p/ Macbook Pro 14,"R$ 279,90",Acessórios,10,
3925,Bag Prodigee The Sleeve p/ Macbook Pro 16,"R$ 279,90",Acessórios,8,
841,Balança Portátil para Viagem até 50kg,"R$ 110,00",Acessórios,1,
3248,Base para Mouse Azul Max Print,"R$ 39,90",Informática,50,
3246,Base para Mouse Preto Max Print,"R$ 39,90",Informática,49,
3247,Base para Mouse Vermelho Max Print,"R$ 39,90",Informática,60,
3245,Base para Mouse Smart Gel,"R$ 49,90",Informática,2,
3243,Base para Mouse Smart Gel,"R$ 49,90",Informática,13,
2197,Base para Note Genius Dobrável M200,"R$ 119,90",Informática,2,
3132,Relógio de Pulso Oslo (C1SX),"R$ 1.149,90",Relógios,1,
3122,Relógio de Pulso Oslo (C2SX),"R$ 1.139,90",Relógios,1,
1887,Cabo USB-C para USB Iwill,"R$ 99,90",Acessórios,1,
2584,Cabo 4x1 Conectores USB-C/Micro Geonav,"R$ 119,90",Acessórios,2,
3956,Cabo Apple USB-C to Lightning 2m Branco,"R$ 379,90",Acessórios,2,
3313,Cabo Áudio P2/P2 1m,"R$ 49,90",Áudio,2,
1408,Cabo Charge Apple USB-C to USB-C 1m,"R$ 329,00",Acessórios,10,
2252,Apple AirPods 4,"R$ 1.499,00",Áudio,1,
1228,Apple AirTag (1 Unidade),"R$ 349,90",Acessórios,2,
3883,Apple iPhone 17 256GB Branco,"R$ 5.080,00",Smartphones,1,
3594,Apple iPhone 17 256GB Preto,"R$ 5.080,00",Smartphones,2,
3050,Apple iPhone 17 Pro 256GB Silver,"R$ 12.220,00",Smartphones,1,
2927,Apple Pencil 2ª Geração,"R$ 1.599,90",Acessórios,1,
3864,Apresentador Kross Wireless KE-MP50,"R$ 189,00",Informática,8,
2158,Apresentador Logitech R400 Laser Pointer,"R$ 299,90",Informática,8,
2967,Autotransformador 100VA Bivolt,"R$ 139,90",Energia,3,
2121,Autotransformador 1500VA Bivolt,"R$ 279,90",Energia,2,
3127,Relógio de Pulso Oslo (B1KX),"R$ 1.299,90",Relógios,1,
3252,Cadeira Gamer Axion Preto,"R$ 889,90",Informática,1,
3356,Cadeira Gamer BRX Impact Blue,"R$ 1.149,90",Informática,1,
3269,Cadeira Gamer Prime-X V2 Preto/Azul,"R$ 999,90",Informática,4,
3386,Caixa Amplificada Aiwa Party Box 100W,"R$ 1.299,90",Áudio,3,
2026,Caixa Amplificada JBL Party Box 320 Branca,"R$ 3.999,90",Áudio,43,
1442,Caixa Amplificada JBL Party Box 320 Preta,"R$ 4.299,90",Áudio,79,
1227,Caixa Amplificada JBL Partybox Ultimate 1100W,"R$ 9.439,90",Áudio,17,
3784,Caixa Bluetooth JBL Boombox 4 Branca,"R$ 3.799,00",Áudio,25,
3567,Caixa Bluetooth JBL Boombox 4 Laranja,"R$ 3.549,00",Áudio,105,
2984,Caixa Bluetooth JBL Wind 3 Preto,"R$ 499,90",Áudio,2,
1647,Caixa de Som JBL Boombox 3 Wi-Fi,"R$ 3.499,90",Áudio,2,
2477,Caixa de Som JBL Charge 6 Black,"R$ 1.499,90",Áudio,25,
2476,Caixa de Som JBL Flip 7 White,"R$ 999,90",Áudio,30,
1723,Caixa de Som JBL Go 4 Blue,"R$ 499,90",Áudio,8,
465,Câmera de Segurança Tapa Tapa Intelbras,"R$ 349,90",Segurança,4,
3937,Câmera Intelbras IP VIP 3230 Dome,"R$ 1.299,90",Segurança,2,
1634,Capa Magnética Puregear 16 iPhone,"R$ 259,90",Acessórios Mobile,7,
848,Carregador de Parede 2 Entradas 20W Geonav,"R$ 199,90",Acessórios,75,
3962,Carregador Macbook 60W Magsafe 2 Apple,"R$ 545,00",Acessórios,2,
2530,Carregador Portátil 5000 mAh Geonav,"R$ 359,00",Acessórios,2,
1230,Cartão de Memória SD 32GB Sandisk,"R$ 89,90",Informática,17,
1134,Carteira para AirTag em Couro Nordweg,"R$ 279,00",Acessórios,5,
2507,Case Boombox 4 JBL,"R$ 449,90",Acessórios,4,
3074,Case Black iPhone 17 Pro Max Apple,"R$ 999,00",Acessórios Mobile,1,
2877,Case Fashion para iPhone 17 Pro Max,"R$ 159,90",Acessórios Mobile,3,
1117,Case para iPad em Couro Nordweg Café,"R$ 179,00",Acessórios,2,
2975,Case Prodigee Balance iPhone 16 Pro Max,"R$ 159,90",Acessórios Mobile,3,
3004,Case Prodigee Kickit Mag iPhone 17,"R$ 189,90",Acessórios Mobile,17,
3397,Case Puregear Super Hero iPhone 15 Pro,"R$ 165,00",Acessórios Mobile,2,
2467,Case Shokan Airbag Mag iPhone 16 Pro Max Branco,"R$ 159,90",Acessórios Mobile,28,
3410,Case Teclado Smart Trackpad iPad Preto,"R$ 729,00",Acessórios,7,
3172,Climatizador Comercial Big Air 45L Elgin,"R$ 1.249,90",Eletrodomésticos,15,
2832,Colar Dourado Pingente Oval,"R$ 0,01",Joias,1,
2568,Combo S/Fio Teclado e Mouse Multilaser,"R$ 249,90",Informática,1,
2697,Combo S/Fio Teclado e Mouse Logitech MK235,"R$ 319,90",Informática,3,
3201,Computador AIO i3 6ª Ger Tela 21 8GB,"R$ 4.149,00",Informática,2,
2396,Computador i3 8GB 240SSD Multilaser,"R$ 1.529,90",Informática,2,
1936,Controle PS5 Branco Sony,"R$ 599,90",Games,3,
3889,Controle PS5 Vermelho Sony,"R$ 599,90",Games,2,
3635,Copo Quencher Cream 887ml Stanley,"R$ 459,90",Acessórios,2,
2560,Copo Térmico Cerveja c/ Tampa Stanley 473ml,"R$ 299,90",Acessórios,1,
3805,Relógio de Pulso Orient Mecânico (D1SX),"R$ 2.399,90",Relógios Automáticos,1,
2578,Smartwatch X-Watch (PXBX),"R$ 359,90",Smartwatches,4,
1393,Fone de Ouvido JBL Endurance Race TWS,"R$ 699,00",Áudio,1,
3300,Fone de Ouvido JBL Tour Pro 2,"R$ 1.339,90",Áudio,2,
3587,Fone de Ouvido JBL Wave Beam 2 NC,"R$ 639,90",Áudio,3,
928,Fone de Ouvido Bluetooth AER Geonav,"R$ 279,90",Áudio,1,
412,Fone de Ouvido Headset Gamer Branco Multilaser,"R$ 199,00",Informática,1,
1507,Fone JBL Endurance Peak 3 Preto,"R$ 999,00",Áudio,33,
2683,Fone JBL Tune 520 BT Azul,"R$ 499,90",Áudio,39,
2167,Fone JBL Tune Buds 2,"R$ 599,90",Áudio,14,
220,Fonte Notebook Asus 19V 2.1A,"R$ 179,00",Informática,7,
160,Fonte 20W USB-C Apple,"R$ 379,00",Acessórios,47,
1437,Notebook Dell 15 Intel i5 8GB 512SSD,"R$ 5.999,90",Informática,1,
3647,Notebook Acer Gamer Nitro i5 8GB 512GB,"R$ 7.599,90",Informática,3,
3025,Notebook Lenovo LOQ RTX3050,"R$ 9.299,90",Informática,1,
2714,Notebook Asus i5 8GB 512SSD 15.6,"R$ 4.499,90",Informática,1,
3801,Smart TV Miniled 98 TCL Google TV,"R$ 25.399,90",TVs,2,
2722,Smart TV LED 4K 75 Samsung UN75DU7700,"R$ 6.099,90",TVs,1,
3375,Smart TV LED 55 LG 4K UHD,"R$ 3.599,90",TVs,2,
3909,Smart TV LED 4K 50 LG,"R$ 3.999,00",TVs,10,
2699,Smart TV LED 32 LG HD,"R$ 1.879,90",TVs,2,
3380,Drone DJI Mini Flip Fly More Combo,"R$ 9.199,90",Drones,1,
3379,Drone DJI Mini 4 Pro Fly More Combo Plus,"R$ 12.999,90",Drones,1,
3177,Ar Condicionado Split Agratto 24K 220V,"R$ 4.939,90",Eletrodomésticos,15,
2944,Ar Condicionado Split Vix HW 12K 220V,"R$ 3.229,90",Eletrodomésticos,39,
3570,Refrigerador Panasonic Frost Free 480L,"R$ 7.479,90",Eletrodomésticos,1,
3569,Lavadora de Roupas Panasonic 17kg,"R$ 3.599,90",Eletrodomésticos,1,
3042,Micro-ondas Panasonic 34L,"R$ 1.399,90",Eletrodomésticos,1,
3786,Fritadeira Air Fryer 3.5L Elgin,"R$ 329,90",Eletrodomésticos,75,
2518,Frigobar Hisense 44L Branco,"R$ 999,90",Eletrodomésticos,26,
3620,Perfume La Vie Est Belle Lancôme,"R$ 959,90",Perfumes,1,
3858,Perfume Jean Paul Gaultier Scandal,"R$ 999,90",Perfumes,1,
3857,Perfume Good Girl Carolina Herrera,"R$ 999,90",Perfumes,1,
3802,Perfume Paco Rabanne 1 Million 200ml,"R$ 999,90",Perfumes,1,
3607,Perfume Carolina Herrera 212 VIP Men,"R$ 849,90",Perfumes,1,
3612,Perfume Lattafa Asad Tradicional,"R$ 369,90",Perfumes,3,
3798,Perfume Club De Nuit Intense,"R$ 529,90",Perfumes,4,
2282,PlayStation 5 1TB Standard SONY,"R$ 5.319,90",Games,1,
2283,PlayStation 5 825GB Digital SONY,"R$ 4.559,90",Games,33,
1302,SSD M.2 1TB Kingston NV2,"R$ 729,00",Informática,2,
1296,SSD 240GB Kingston A-400,"R$ 329,00",Informática,18,
1552,HD Externo 1TB Toshiba Canvio,"R$ 759,00",Informática,5,
3935,Impressora Brother HL-L1222V Laser Mono,"R$ 1.699,90",Informática,3,
1269,Impressora Multifuncional Epson L3250 Ecotank,"R$ 1.549,00",Informática,5,
2861,Smartphone Xiaomi Redmi 15C 256GB/8GB,"R$ 819,00",Smartphones,9,
3232,Smartphone Xiaomi Poco F7 Pro 512GB/12GB,"R$ 3.385,00",Smartphones,3,
1927,Smartphone Xiaomi Redmi Note 14 256GB/8GB,"R$ 2.089,90",Smartphones,1,
2292,Smartphone Realme C75X 256GB/8GB,"R$ 1.093,00",Smartphones,3,
2016,Kit Starlink Standard 3 Geração V4,"R$ 3.199,90",Redes,14,
2997,Kit Starlink Mini,"R$ 1.179,00",Redes,103,
3244,Base para Mouse Smart com Apoio em Gel,"R$ 49,90",Informática,2,
1481,Bateria Intelbras 12V XB 12AL,"R$ 29,90",Energia,5,
1976,Cabo Adaptador em Alumínio 2 Portas Geonav,"R$ 339,90",Acessórios,10,
925,Cabo Adaptador Multiportas USB-C Geonav,"R$ 479,90",Acessórios,2,
1587,Cabo Adaptador USB-C para HDMI 4K Geonav,"R$ 0,01",Acessórios,1,
875,Cabo Adaptador USB-C para HDMI e VGA Geonav,"R$ 349,00",Acessórios,1,
3314,Cabo Áudio ELG P2/P2 Estéreo 1m,"R$ 49,00",Áudio,1,
1486,Cabo Baseus Type-C Tungsten Gold 240W,"R$ 149,00",Acessórios,2,
1485,Cabo Baseus USB Type-C 5A,"R$ 119,90",Acessórios,31,
1040,Cabo de Impressora USB Elgin 2.0,"R$ 69,90",Informática,14,
3311,Cabo de Rede Cat.5e 1m Patch Cord,"R$ 19,90",Redes,7,
213,Cabo de Rede G3 Starlink,"R$ 949,90",Redes,1,
1556,Cabo Extensor USB 2.0 10m Comtac,"R$ 0,01",Acessórios,1,
1555,Cabo Extensor USB 2.0 5m Comtac,"R$ 249,90",Acessórios,2,
1559,Cabo Extensor USB 3.0 15m Comtac,"R$ 0,01",Acessórios,2,
1560,Cabo Extensor USB 3.0 20m Comtac,"R$ 0,01",Acessórios,2,
3842,Cabo Flex Pro Type-C to Lightning 1.5m Preto Volt,"R$ 119,90",Acessórios,1,
3831,Cabo Flex Pro Type-C to Type-C 1.5m Branco Volt,"R$ 119,90",Acessórios,1,
3836,Cabo Flex Pro Type-C to Type-C 1.5m Preto Volt,"R$ 119,90",Acessórios,1,
3850,Cabo Flex Pro USB to Micro USB 1m Preto Volt,"R$ 69,90",Acessórios,1,
3846,Cabo Flex Pro USB to Type-C 2m Preto Volt,"R$ 119,90",Acessórios,1,
970,Cabo Hard USB-C MFi 2m Lightning Branco Iwill,"R$ 249,00",Acessórios,1,
2569,Cabo HDMI 2.0 4K 2m Multilaser,"R$ 39,90",Acessórios,4,
3789,Cabo HDMI 2.0 4K 10 Metros Aquario,"R$ 119,90",Acessórios,15,
3790,Cabo HDMI 2.0 4K 15 Metros Aquario,"R$ 249,90",Acessórios,10,
3791,Cabo HDMI 2.0 4K 20 Metros Aquario,"R$ 299,90",Acessórios,5,
2860,Cabo HDMI 2.0 4K 3 Metros 2Flex,"R$ 59,90",Acessórios,7,
3959,Cabo Ideal USB-C to MagSafe 1 1.8m Branco,"R$ 230,00",Acessórios,2,
3958,Cabo Ideal USB-C to MagSafe 2 1.8m Branco,"R$ 230,00",Acessórios,2,
2681,Cabo Joog USB-A para Lightning 1.8m,"R$ 79,90",Acessórios,2,
1482,Cabo Joog USB-C para USB-C 1.8m Branco,"R$ 89,90",Acessórios,47,
1958,Cabo Lightning Nylon Trançado Geonav Preto,"R$ 129,90",Acessórios,6,
1959,Cabo Lightning Nylon Trançado Geonav Branco,"R$ 129,90",Acessórios,8,
1444,Cabo Lightning para USB 2m Geonav,"R$ 199,00",Acessórios,1,
3312,Cabo Link USB 2.0 AM AF 05 Multilaser,"R$ 19,90",Acessórios,6,
2585,Cabo Magnético USB-C 2.0 Nylon Geonav,"R$ 159,00",Acessórios,22,
2599,Cabo Magnético USB-C para Lightning Geonav,"R$ 169,00",Acessórios,38,
3843,Cabo Metal Pro Type-C to Lightning 1.5m Volt,"R$ 149,90",Acessórios,1,
3838,Cabo Metal Pro Type-C to Type-C 1.5m Cinza Volt,"R$ 119,90",Acessórios,1,
2410,Cabo Micro USB Nylon Trançado Geonav Preto,"R$ 69,90",Acessórios,7,
1589,Cabo Micro USB Nylon Trançado Geonav,"R$ 0,01",Acessórios,3,
878,Cabo Micro USB Nylon Geonav,"R$ 59,00",Acessórios,19,
3305,Cabo Mini USB para USB 2.0 Comtac,"R$ 19,90",Acessórios,6,
3188,Cabo para Starlink Inversor,"R$ 489,90",Redes,5,
3839,Cabo Power Pro Type-C to Type-C 2m Volt,"R$ 149,90",Acessórios,1,
2042,Cabo RS485 para Bateria R311 ZTE,"R$ 119,90",Acessórios,4,
225,Cabo SATA de HD,"R$ 170,00",Informática,1,
1655,Cabo Strong USB-C p/ USB-C MFi 1.2m Iwill,"R$ 189,00",Acessórios,2,
695,Cabo Thunderbolt 2m Apple,"R$ 399,00",Acessórios,1,
2045,Cabo USB 2.0 A Macho x B Macho 2m,"R$ 59,90",Acessórios,7,
3310,Cabo USB 3.0 Transmissão Dados Multilaser,"R$ 39,90",Acessórios,2,
3110,Cabo USB C-C 1.5m Geonav Preto,"R$ 139,00",Acessórios,25,
3573,Cabo USB C-C Nylon 1.2m Geonav Preto,"R$ 150,00",Acessórios,4,
1956,Cabo USB-A p/ Lightning MFi Silicone 1.5m Geonav,"R$ 169,00",Acessórios,12,
1957,Cabo USB-A p/ Lightning MFi Silicone 1.5m Geonav Bco,"R$ 169,00",Acessórios,9,
2679,Cabo USB-A p/ USB-C 2.0 Silicone 1.5m Apple,"R$ 89,00",Acessórios,2,
2529,Cabo USB-A p/ USB-C 2.0 Silicone 1.5m Geonav,"R$ 69,90",Acessórios,6,
1806,Cabo USB-C / Lightning MFi Silicone 1.5m Geonav Bco,"R$ 169,00",Acessórios,7,
1807,Cabo USB-C / Lightning MFi Silicone 1.5m Geonav Pto,"R$ 179,00",Acessórios,10,
1508,Cabo USB-C / Lightning 1m 20W Baseus,"R$ 149,00",Acessórios,23,
503,Cabo USB-C / USB 2.0 1m Comtac,"R$ 99,00",Acessórios,1,
504,Cabo USB-C / USB-C 1m Comtac,"R$ 119,90",Acessórios,40,
1443,Cabo USB-C c/ Lightning 2.0 Nylon 2m Geonav,"R$ 169,90",Acessórios,17,
724,Cabo USB-C Lightning 1m Apple,"R$ 279,00",Acessórios,20,
3306,Cabo USB-C Macho para USB-C Macho 1m Comtac,"R$ 49,90",Acessórios,3,
1639,Cabo USB-C p/ USB-C 100W 1m Branco Imagine,"R$ 89,90",Acessórios,4,
3309,Cabo USB-C para Micro B 3.0 Comtac,"R$ 39,90",Acessórios,4,
1975,Cabo USB-C para USB-C 2.0 Silicone 1.5m Geonav,"R$ 99,90",Acessórios,4,
2598,Cabo USB-C para USB-C 4.0 TPE Flexível Geonav,"R$ 119,00",Acessórios,4,
1974,Cabo USB-C para USB-C Nylon Trançado Geonav,"R$ 59,90",Acessórios,1,
931,Cabo USB-C para USB-C + Conector Geonav,"R$ 199,90",Acessórios,35,
952,Cabo USB-C para VGA Iwill,"R$ 210,00",Acessórios,2,
3111,Cabo USB-C 2.0 Silicone 1.5m Branco Geonav,"R$ 119,00",Acessórios,15,
1796,Cabo Veicular para Starlink 1m,"R$ 249,00",Redes,1,
2986,Cabo Veicular para Starlink 3m One X,"R$ 349,00",Redes,23,
2983,Cabo Veicular + Voltímetro Starlink 2m,"R$ 299,00",Redes,7,
2099,Cabo Iwill Hard Cable USB MFi 1.2m Preto,"R$ 189,90",Acessórios,3,
1895,Cabo Iwill Hard Cable USB-C MFi 1.2m Preto,"R$ 189,90",Acessórios,5,
2687,Cabo Iwill Hard Cable USB-C USB-C 1.2m Preto,"R$ 99,90",Acessórios,3,
2487,Cabo Iwill Strong Cable USB MFi 1.2m Branco,"R$ 189,90",Acessórios,1,
2098,Cabo Iwill Strong Cable USB MFi 1.2m Preto,"R$ 189,90",Acessórios,3,
2097,Cabo Iwill Strong Cable USB MFi 2m Branco,"R$ 189,90",Acessórios,5,
1891,Cabo Iwill Strong Cable USB-C MFi 1.2m,"R$ 159,90",Acessórios,2,
2488,Cabo Iwill Strong Cable USB-C MFi 1.2m Preto,"R$ 189,90",Acessórios,5,
3263,Cadeira Gamer Axion Preto/Cinza,"R$ 889,90",Informática,2,
3268,Cadeira Gamer Prime-X V2 Preto/Cinza,"R$ 999,90",Informática,5,
3267,Cadeira Gamer Prime-X V2 Preto/Vermelho,"R$ 999,90",Informática,6,
3241,Cadeira Gamer X-Rocker Preto,"R$ 889,90",Informática,7,
3563,Caixa Bluetooth JBL Boombox 4 Marrom,"R$ 3.799,00",Áudio,54,
3780,Caixa Bluetooth JBL Boombox 4 Marrom (Venda),"R$ 0,00",Áudio,26,
3881,Caixa Bluetooth JBL Boombox 4 Marrom Ecommerce,"R$ 3.799,90",Áudio,15,
785,Caixa de Som JBL Boombox 2 80W,"R$ 1.899,90",Áudio,1,
3093,Caixa de Som JBL Boombox 4 Preta Ecommerce,"R$ 3.399,00",Áudio,140,
2711,Caixa de Som JBL Boombox 4 Preta,"R$ 3.399,00",Áudio,58,
2479,Caixa de Som JBL Charge 6 Blue,"R$ 1.499,90",Áudio,30,
2478,Caixa de Som JBL Flip 7 Black,"R$ 999,90",Áudio,25,
2480,Caixa de Som JBL Flip 7 Blue,"R$ 999,90",Áudio,28,
2484,Caixa de Som JBL Go 4 Preto,"R$ 499,90",Áudio,6,
1724,Caixa de Som JBL Go 4 White,"R$ 499,90",Áudio,6,
1725,Caixa de Som JBL Party Box Club 120 Preta,"R$ 2.999,00",Áudio,93,
2055,Caixa de Som JBL Party Box Club 120 Branca,"R$ 2.799,90",Áudio,27,
806,Caixa de Som JBL Partybox 710,"R$ 5.699,90",Áudio,2,
796,Caixa JBL Sub BassPro Go Br,"R$ 2.669,00",Áudio,1,
3938,Câmera Intelbras IP VIPC 1230 Bullet G2,"R$ 699,90",Segurança,2,
1189,Câmera Safira iPhones X-One Amor Pro,"R$ 169,00",Acessórios Mobile,9,
1654,Caneta para iPad Iwill Pen White,"R$ 649,00",Acessórios,8,
3230,Caneta Shokan Premium Pencil Palm Reject,"R$ 229,90",Acessórios,19,
2771,Canivete 11 Funções para Kit,"R$ 0,01",Ferramentas,7,
2776,Canivete 11 Funções para Kit,"R$ 0,01",Ferramentas,2,
3559,Canivete em Aço Inox 5F Lince,"R$ 0,01",Ferramentas,1,
180,Capa Case MagSafe,"R$ 119,00",Acessórios Mobile,13,
1166,Capa Case Boombox 1/2/3 Nordweg,"R$ 0,00",Acessórios,4,
177,Capa Case Linha iPhone Coloridas,"R$ 69,90",Acessórios Mobile,117,
178,Capa iPhone Anti-Shock Case Transparente,"R$ 139,00",Acessórios Mobile,9,
181,Capa iPhone Magnética,"R$ 79,90",Acessórios Mobile,24,
1209,Capa iPhone Shock Dominador X-One,"R$ 229,00",Acessórios Mobile,8,
1633,Capa Magnética Puregear 16 Pro,"R$ 229,90",Acessórios Mobile,3,
1632,Capa Magnética Puregear 16 Pro Max,"R$ 229,90",Acessórios Mobile,3,
2684,Car Charger C/ 1 Saída USB-C e 1 USB Iwill,"R$ 159,90",Acessórios,7,
1638,Carregador 40W 1USB 2PD Imagine,"R$ 135,90",Acessórios,2,
828,Carregador de Parede Power 25W Geonav,"R$ 169,90",Acessórios,101,
961,Carregador de Parede USB-C/USB 33W Iwill,"R$ 229,00",Acessórios,15,
3832,Carregador de Parede Volt 20W Branco,"R$ 149,90",Acessórios,1,
3833,Carregador de Parede Volt 30W Branco,"R$ 189,90",Acessórios,1,
3851,Carregador de Parede Volt 45W Branco,"R$ 299,90",Acessórios,1,
3834,Carregador de Parede Volt 65W Branco,"R$ 399,90",Acessórios,1,
485,Carregador Fonte Joog PD20W USB-C,"R$ 99,90",Acessórios,24,
3961,Carregador Macbook 60W Magsafe 1 Apple,"R$ 525,00",Acessórios,2,
3960,Carregador Macbook 85W Magsafe 1 Apple,"R$ 445,00",Acessórios,2,
856,Carregador por Indução + Mousepad Geonav,"R$ 189,00",Acessórios,1,
1445,Carregador Portátil Indução 10.000 mAh Geonav Bco,"R$ 369,00",Acessórios,31,
2429,Carregador Portátil Indução 10.000 mAh Geonav Prt,"R$ 369,90",Acessórios,8,
906,Carregador Portátil Pro Indução 10.000 mAh Geonav,"R$ 429,00",Acessórios,10,
916,Carregador Universal Adaptador Viagem Geonav,"R$ 359,00",Acessórios,11,
920,Carregador Universal NB 2x USB-C 35W Geonav,"R$ 239,00",Acessórios,44,
2564,Carregador Universal Note Aut 65W Multilaser,"R$ 199,90",Acessórios,3,
1977,Carregador Veicular 38W Geonav,"R$ 169,90",Acessórios,20,
1955,Carregador Veicular Magnético Geonav,"R$ 289,00",Acessórios,8,
2407,Carregador Veicular Tensão 12/24V Geonav,"R$ 159,90",Acessórios,16,
2506,Carregador Xiaomi Original,"R$ 259,90",Acessórios,1,
666,Cartão de Memória SD 64GB Sandisk,"R$ 189,90",Informática,11,
3279,Cartão Micro SD Kingston 128GB C10,"R$ 159,90",Informática,9,
3054,Case Blue iPhone 17 Pro Max Apple Techwoven,"R$ 999,00",Acessórios Mobile,1,
2875,Case Fashion Design CC iPhone 15 Pro Max,"R$ 149,90",Acessórios Mobile,4,
2876,Case Fashion Design CC iPhone 16 Pro Max,"R$ 159,90",Acessórios Mobile,2,
1592,Case Macbook Air 13 Speck,"R$ 0,01",Acessórios,1,
538,Case Note Couro Nordweg Café,"R$ 579,00",Acessórios,1,
1755,Case p/ HD Ext 2.5 USB 2.0,"R$ 79,00",Informática,2,
1118,Case para iPad em Couro Nordweg Preto,"R$ 219,00",Acessórios,2,
1119,Case para iPad Pro Couro Preto Nordweg,"R$ 219,00",Acessórios,1,
3229,Case Prodigee Edge Mag iPhone 17 Pro Max,"R$ 229,90",Acessórios Mobile,3,
3018,Case Prodigee Flex Folio iPhone 17 Pro,"R$ 189,90",Acessórios Mobile,5,
3017,Case Prodigee Flex Folio iPhone 17 Pro Max,"R$ 189,90",Acessórios Mobile,4,
3405,Case Prodigee Flow Mag iPhone 17 Pro Max,"R$ 229,00",Acessórios Mobile,1,
2380,Case Prodigee Formula Mag iPhone 16 Gry,"R$ 229,90",Acessórios Mobile,2,
2976,Case Prodigee Formula Mag iPhone 16 Pro Max,"R$ 159,90",Acessórios Mobile,4,
3928,Case Prodigee Formula Mag iPhone 16 Pro Max Importado,"R$ 179,90",Acessórios Mobile,1,
2382,Case Prodigee Formula Mag iPhone 16 Pro Smk,"R$ 229,90",Acessórios Mobile,1,
2381,Case Prodigee Formula Mag iPhone 16 Smk,"R$ 229,90",Acessórios Mobile,3,
3218,Case Prodigee Formula K1 Mag iPhone 17 Gry,"R$ 189,90",Acessórios Mobile,14,
3723,Case Prodigee Formula K1 Mag iPhone 17 Pro Shokan,"R$ 179,90",Acessórios Mobile,5,
2998,Case Prodigee Formula K1 Mag iPhone 17 Pro,"R$ 189,90",Acessórios Mobile,5,
2999,Case Prodigee Formula K1 Mag iPhone 17 Pro Max,"R$ 189,90",Acessórios Mobile,16,
3001,Case Prodigee Jogger Mag iPhone 17 Pro Gry,"R$ 189,90",Acessórios Mobile,19,
3722,Case Prodigee Jogger Mag iPhone 17 Pro Max Shokan,"R$ 179,90",Acessórios Mobile,6,
3000,Case Prodigee Jogger Mag iPhone 17 Pro Max,"R$ 189,90",Acessórios Mobile,11,
3219,Case Prodigee Jogger Mag iPhone 17 Pro Srb,"R$ 189,90",Acessórios Mobile,10,
3625,Case Prodigee Jogger iPhone 17 Pro Max Blk,"R$ 229,90",Acessórios Mobile,4,
3003,Case Prodigee Kickit Mag iPhone 17 Pro Blk,"R$ 189,90",Acessórios Mobile,9,
3002,Case Prodigee Kickit Mag iPhone 17 Pro Max Blk,"R$ 189,90",Acessórios Mobile,16,
3626,Case Prodigee Kickit Mag iPhone 17 Pro Max Org,"R$ 229,90",Acessórios Mobile,6,
2360,Case Prodigee Kickit iPhone 16 Pro Blk,"R$ 229,90",Acessórios Mobile,2,
2361,Case Prodigee Kickit iPhone 16 Pro Rse,"R$ 229,90",Acessórios Mobile,2,
2359,Case Prodigee Kickit iPhone 16 Rse,"R$ 229,90",Acessórios Mobile,1,
3822,Case Prodigee Magneteek iPhone 15 Pro Max White,"R$ 179,90",Acessórios Mobile,6,
3930,Case Prodigee Magneteek iPhone 15 Pro Max White Imp,"R$ 179,90",Acessórios Mobile,1,
2355,Case Prodigee Magneteek iPhone 16 Blk,"R$ 229,90",Acessórios Mobile,1,
2356,Case Prodigee Magneteek iPhone 16 Pro Blk,"R$ 229,90",Acessórios Mobile,2,
2357,Case Prodigee Magneteek iPhone 16 Pro Max Blk,"R$ 229,90",Acessórios Mobile,9,
3721,Case Prodigee Magneteek iPhone 17 Pro Max Wht,"R$ 179,90",Acessórios Mobile,7,
3012,Case Prodigee Pampas Mag iPhone 17 Air Ice,"R$ 189,90",Acessórios Mobile,4,
3011,Case Prodigee Pampas Mag iPhone 17 Ice,"R$ 189,90",Acessórios Mobile,15,
3010,Case Prodigee Pampas Mag iPhone 17 Pro Ice,"R$ 189,90",Acessórios Mobile,14,
3009,Case Prodigee Pampas Mag iPhone 17 Pro Max Ice,"R$ 189,90",Acessórios Mobile,6,
2378,Case Prodigee Popstar Mag iPhone 16 Pro Dsk,"R$ 229,90",Acessórios Mobile,1,
2375,Case Prodigee Popstar Mag iPhone 16 Pro Ttm,"R$ 229,90",Acessórios Mobile,1,
2374,Case Prodigee Popstar Mag iPhone 16 Ttm,"R$ 229,90",Acessórios Mobile,1,
3927,Case Prodigee Solid Mag iPhone 16 Pro Max Blk,"R$ 179,90",Acessórios Mobile,5,
3396,Case Prodigee Super Hero Mag iPhone 15 Pro,"R$ 165,00",Acessórios Mobile,2,
2370,Case Prodigee Super Hero Mag iPhone 16 Clr,"R$ 229,90",Acessórios Mobile,1,
2372,Case Prodigee Super Hero Mag iPhone 16 Pro Clr,"R$ 229,90",Acessórios Mobile,1,
2373,Case Prodigee Super Hero Mag iPhone 16 Pro,"R$ 229,90",Acessórios Mobile,3,
2371,Case Prodigee Super Hero Mag iPhone 16 Pro Max,"R$ 229,90",Acessórios Mobile,1,
2369,Case Prodigee Super Hero Mag iPhone 16 Smk,"R$ 229,90",Acessórios Mobile,1,
3724,Case Prodigee Super Hero Mag iPhone 17 Pro,"R$ 179,90",Acessórios Mobile,6,
2364,Case Prodigee Super Star Mag iPhone 16 Clr,"R$ 229,90",Acessórios Mobile,2,
2366,Case Prodigee Super Star Mag iPhone 16 Pro Clr,"R$ 229,90",Acessórios Mobile,2,
2367,Case Prodigee Super Star Mag iPhone 16 Pro Max,"R$ 229,90",Acessórios Mobile,1,
2365,Case Prodigee Super Star Mag iPhone 16 Pro Rse,"R$ 229,90",Acessórios Mobile,1,
2363,Case Prodigee Super Star Mag iPhone 16 Rse,"R$ 229,90",Acessórios Mobile,1,
3016,Case Prodigee Super Star Mag iPhone 17 Air Clr,"R$ 189,90",Acessórios Mobile,4,
3015,Case Prodigee Super Star Mag iPhone 17 Clr,"R$ 189,90",Acessórios Mobile,17,
3014,Case Prodigee Super Star Mag iPhone 17 Pro Clr,"R$ 189,90",Acessórios Mobile,19,
3013,Case Prodigee Super Star Mag iPhone 17 Pro,"R$ 189,90",Acessórios Mobile,7,
3725,Case Prodigee Super Star Mag iPhone 17 Pro Shokan,"R$ 179,90",Acessórios Mobile,3,
3627,Case Prodigee Teek 360 Kik Mag iPhone 17 Pro,"R$ 229,90",Acessórios Mobile,5,
3005,Case Prodigee Teek Tile Mag iPhone 17 Pro Max,"R$ 189,90",Acessórios Mobile,20,
3008,Case Prodigee Tile Mag iPhone 17 Air Tile,"R$ 189,90",Acessórios Mobile,5,
3006,Case Prodigee Tile Mag iPhone 17 Pro Tile,"R$ 189,90",Acessórios Mobile,17,
3007,Case Prodigee Tile Mag iPhone 17 Tile,"R$ 189,90",Acessórios Mobile,20,
3399,Case Puregear Dualtek Mag iPhone 17 Air White,"R$ 229,00",Acessórios Mobile,4,
3400,Case Puregear Dualtek Clear Mag iPhone 17 Air,"R$ 165,00",Acessórios Mobile,2,
3401,Case Puregear Dualtek Clear Mag iPhone 17 Pro,"R$ 165,00",Acessórios Mobile,3,
3395,Case Puregear Dualtek Clear iPhone 15 Pro Max,"R$ 165,00",Acessórios Mobile,3,
3402,Case Puregear Dualtek Studio Mag iPhone 17,"R$ 165,00",Acessórios Mobile,2,
3398,Case Puregear Slim Shell Mag iPhone 15 Pro Max,"R$ 165,00",Acessórios Mobile,4,
3965,Case Puregear Slim Shell Plus Mag iPhone 17,"R$ 165,00",Acessórios Mobile,4,
3403,Case Puregear Slim Shell Ultra Mag iPhone 17 Air,"R$ 150,00",Acessórios Mobile,3,
2466,Case Shokan Airbag Mag iPhone 16 Pro Max Cinza,"R$ 159,90",Acessórios Mobile,15,
2465,Case Shokan Airbag Mag iPhone 16 Pro Max Transp,"R$ 159,90",Acessórios Mobile,15,
2468,Case Shokan Airbag Mag iPhone 16 Pro Max Preto,"R$ 159,90",Acessórios Mobile,18,
3326,Case Shokan Bungee iPhone 17 Pro Black,"R$ 149,90",Acessórios Mobile,7,
3335,Case Shokan Bungee iPhone 17 Pro Max Black,"R$ 179,90",Acessórios Mobile,4,
3334,Case Shokan Bungee iPhone 17 Pro Max Blue,"R$ 179,90",Acessórios Mobile,4,
2628,Case Shokan Bungee Mag Kik iPhone 16 Pro Max,"R$ 159,90",Acessórios Mobile,16,
2441,Case Shokan Bungee Mag Kik iPhone 16 Pro Max,"R$ 159,90",Acessórios Mobile,14,
3333,Case Shokan Bungee Mag Kik iPhone 17 Pro Max,"R$ 179,90",Acessórios Mobile,6,
3917,Case Shokan Combat Kick Mag iPhone 17 Pro Max,"R$ 179,90",Acessórios Mobile,4,
3920,Case Shokan Elegancy Kik Mag iPhone 17 Dark,"R$ 179,90",Acessórios Mobile,5,
3422,Case Shokan Elegancy Kik Mag iPhone 17 Pro,"R$ 239,00",Acessórios Mobile,4,
3931,Case Shokan Fusions Mag iPhone 17 Pro Max,"R$ 179,90",Acessórios Mobile,20,
2442,Case Shokan Kevlar Mag iPhone 15 Pro Max Carbon,"R$ 159,90",Acessórios Mobile,27,
2731,Case Shokan Kevlar Mag iPhone 16 Pro Max Carbon,"R$ 159,90",Acessórios Mobile,7,
3327,Case Shokan Kryphon iPhone 17 Pro Black,"R$ 179,90",Acessórios Mobile,2,
3339,Case Shokan Mushroom Kick iPhone 17 Pro Max,"R$ 179,90",Acessórios Mobile,31,
2450,Case Shokan Octagon iPhone 16 Pro Max Transp,"R$ 159,90",Acessórios Mobile,2,
3913,Case Shokan Octagon iPhone 17 Pro Max Transp,"R$ 179,90",Acessórios Mobile,8,
2438,Case Shokan Octagon Mag Glitter iPhone 16 Pro,"R$ 159,00",Acessórios Mobile,1,
2440,Case Shokan Octagon Mag iPhone 16,"R$ 159,90",Acessórios Mobile,45,
3932,Case Shokan Octagon Mag iPhone 17 Pro Max Fume,"R$ 179,90",Acessórios Mobile,5,
2464,Case Shokan Protect Edge Mag iPhone 16 Branco,"R$ 159,90",Acessórios Mobile,5,
3933,Case Shokan Pure Cam Mag iPhone 17 Pro Max,"R$ 179,90",Acessórios Mobile,5,
2508,Case Shokan Security Mag iPhone 15 Transp,"R$ 159,00",Acessórios Mobile,1,
3426,Case Shokan Security Mag iPhone 17 Pro Clear,"R$ 219,00",Acessórios Mobile,2,
2627,Case Shokan Softee Liquid Silic iPhone 16 Pro Max,"R$ 159,90",Acessórios Mobile,17,
2625,Case Shokan Super Edge Mag iPhone 16 Pro Max,"R$ 159,90",Acessórios Mobile,12,
3337,Case Shokan Super Edge Mag iPhone 17 Pro Max,"R$ 179,90",Acessórios Mobile,9,
2455,Case Shokan Super Glitter Mag iPhone 15 Pro Max,"R$ 159,90",Acessórios Mobile,1,
2451,Case Shokan Super Glitter Mag iPhone 16 Pro Max,"R$ 159,90",Acessórios Mobile,2,
3342,Case Shokan Tank iPhone 17 Pro Max Black,"R$ 179,90",Acessórios Mobile,14,
2445,Case Shokan Tekmag iPhone 15 Pro Max,"R$ 159,90",Acessórios Mobile,2,
3340,Case Shokan Tekmag iPhone 17 Pro Max,"R$ 179,90",Acessórios Mobile,21,
3720,Case Shokan Tekmag iPhone 17 Pro Max Fume,"R$ 17.990,00",Acessórios Mobile,4,
2729,Case Shokan Tekmag Pro iPhone 16 Pro Max Azul,"R$ 159,90",Acessórios Mobile,2,
3406,Case Shokan Tekmag Pro iPhone 17 Pro Max Black,"R$ 179,00",Acessórios Mobile,13,
3365,Case Shokan Woven iPhone 17 Azul,"R$ 179,90",Acessórios Mobile,5,
3366,Case Shokan Woven iPhone 17 Marrom,"R$ 179,90",Acessórios Mobile,5,
3364,Case Shokan Woven iPhone 17 Preto,"R$ 179,90",Acessórios Mobile,5,
3358,Case Shokan Woven iPhone 17 Pro Azul,"R$ 179,90",Acessórios Mobile,10,
3357,Case Shokan Woven iPhone 17 Pro Laranja,"R$ 179,90",Acessórios Mobile,10,
3359,Case Shokan Woven iPhone 17 Pro Marrom,"R$ 179,90",Acessórios Mobile,10,
3372,Case Shokan Woven iPhone 17 Pro Max Azul,"R$ 179,90",Acessórios Mobile,7,
3367,Case Shokan Woven iPhone 17 Pro Max Laranja,"R$ 179,90",Acessórios Mobile,14,
3368,Case Shokan Woven iPhone 17 Pro Max Marrom,"R$ 179,90",Acessórios Mobile,14,
3371,Case Shokan Woven iPhone 17 Pro Max Preto,"R$ 179,90",Acessórios Mobile,8,
3369,Case Shokan Woven iPhone 17 Pro Max Roxo,"R$ 179,90",Acessórios Mobile,9,
3370,Case Shokan Woven iPhone 17 Pro Max Verde,"R$ 179,90",Acessórios Mobile,9,
3361,Case Shokan Woven iPhone 17 Pro Preto,"R$ 179,90",Acessórios Mobile,10,
3362,Case Shokan Woven iPhone 17 Pro Roxo,"R$ 179,90",Acessórios Mobile,10,
3360,Case Shokan Woven iPhone 17 Pro Verde,"R$ 179,90",Acessórios Mobile,10,
3363,Case Shokan Woven iPhone 17 Verde,"R$ 179,90",Acessórios Mobile,5,
2870,Case Turbo iPhone,"R$ 149,00",Acessórios Mobile,61,
3404,Case UAG Plyo Mag iPhone 14 Pro Max Fume,"R$ 129,00",Acessórios Mobile,3,
1107,Case Workplace em Couro Nordweg Preto,"R$ 629,00",Acessórios,2,
3104,Cordão Prata Brilhante 1.6m Geonav,"R$ 119,00",Acessórios,1,
3209,Carregador de Parede 30W 2 Portas Br Geonav,"R$ 169,90",Acessórios,3,
1163,Chaveiro AirTag Couro Preto Nordweg,"R$ 110,00",Acessórios,5,
1120,Chaveiro para AirTag Caramelo Nordweg,"R$ 140,00",Acessórios,2,
1121,Chaveiro para AirTag Couro Café Nordweg,"R$ 140,00",Acessórios,7,
3173,Climatizador Comercial Big Air 65L Elgin,"R$ 1.749,90",Eletrodomésticos,57,
3171,Climatizador de Ar Elgin 7.5L,"R$ 849,90",Eletrodomésticos,14,
1696,Climatizador Portátil 45L Polo Clima,"R$ 1.499,90",Eletrodomésticos,28,
1697,Climatizador Portátil 70L Polo Clima,"R$ 1.699,90",Eletrodomésticos,9,
3170,Climatizador Smart Frio 3.5L Elgin,"R$ 599,90",Eletrodomésticos,5,
3557,Colar de Aço Prata C/Pingente Lince,"R$ 0,01",Joias,1,
2739,Colar Dourado Pingente Oval,"R$ 0,01",Joias,2,
2775,Colar Masc Prata com Pingente Retorcido,"R$ 0,01",Joias,3,
2830,Colar Met Dourado Ping Gota Aquamar e Brinco,"R$ 0,01",Joias,1,
2737,Colar Met Dourado Ping Gota Aquamar e Brinco,"R$ 0,01",Joias,2,
2738,Colar Prata Pingente Oval,"R$ 0,01",Joias,2,
2831,Colar Prata Pingente Oval,"R$ 0,01",Joias,1,
3273,Combo S/Fio Teclado e Mouse Logitech MK470,"R$ 499,90",Informática,15,
3024,Comp On4You Office PL Mae H61 Proc i5,"R$ 1.269,90",Informática,6,
3202,Computador AIO i3 6ª Ger Tela 24 8GB,"R$ 4.349,00",Informática,2,
3203,Computador AIO i5 6ª Ger Tela 21 8GB,"R$ 4.799,00",Informática,2,
3204,Computador AIO i5 6ª Ger Tela 24 8GB,"R$ 4.999,00",Informática,2,
2397,Computador i5 8GB 240SSD Multilaser,"R$ 1.699,90",Informática,6,
1562,Controlador de Carga VOLMPPT Gerencial,"R$ 0,01",Energia,1,
1878,Controle PS5 Preto Sony,"R$ 599,90",Games,1,
1773,Conversor Carregador Wireless Iwill 5 em 1,"R$ 559,90",Acessórios,1,
3307,Conversor de Audio USB 2.0 Comtac,"R$ 59,90",Informática,2,
3308,Conversor Mini Displayport para VGA Comtac,"R$ 79,90",Informática,1,
2422,Copo Cerveja s/ Tampa Iris Stanley,"R$ 299,90",Acessórios,1,
3632,Copo Protour Ash Fade 118L Stanley,"R$ 499,90",Acessórios,2,
3633,Copo Protour Black Fade 118L Stanley,"R$ 489,90",Acessórios,1,
3631,Copo Protour Rose Qtz Fade 118L Stanley,"R$ 499,90",Acessórios,2,
3634,Copo Quencher Rose Qtz 118L Stanley,"R$ 499,90",Acessórios,1,
2248,Copo Quencher Term Frost Stanley 088L,"R$ 479,90",Acessórios,3,
2247,Copo Quencher Term Rose Qtz Stanley 059L,"R$ 499,90",Acessórios,1,
2249,Copo Quencher Term Seafoam Stanley 059L,"R$ 0,01",Acessórios,2,
3063,Copo s/ Tampa Stanley 473ml H Green,"R$ 199,90",Acessórios,2,
2562,Copo Térmico Cerveja s/ Tampa Stanley 473ml,"R$ 199,90",Acessórios,3,
3067,Copo Térmico Everyday Stanley Black 296ml,"R$ 259,90",Acessórios,3,
3066,Copo Térmico Everyday Stanley Polar 296ml,"R$ 259,90",Acessórios,2,
3062,Copo Térmico Stanley Advent Vivid Violet 473ml,"R$ 199,90",Acessórios,2,
580,Copo Térmico Preto Stanley 473ml,"R$ 210,00",Acessórios,1,
3103,Cordão 2X1 Metdou 1.6m Geonav,"R$ 119,00",Acessórios,2,
3175,Cortina de Ar Elgin Compact 1200mm 220V,"R$ 1.149,90",Eletrodomésticos,5,
3176,Cortina de Ar Elgin Compact 1500mm 220V,"R$ 1.589,90",Eletrodomésticos,4,
3174,Cortina de Ar Elgin Compact 900mm 220V,"R$ 899,90",Eletrodomésticos,5,
3097,Cronotacógrafo Digital IAM TC100,"R$ 2.199,00",Acessórios,28,
3811,Relógio de Pulso Orient Mecânico (D1DX),"R$ 2.399,90",Relógios Automáticos,1,
3121,Relógio de Pulso Oslo (D1DX),"R$ 1.299,90",Relógios,1,
3133,Relógio de Pulso Oslo (D1DX),"R$ 1.649,90",Relógios,1,
3128,Relógio de Pulso Oslo (D1DX),"R$ 1.399,90",Relógios,1,
3131,Relógio de Pulso Oslo (D1DX),"R$ 1.649,90",Relógios,1,
2903,Relógio de Pulso Oslo (D1DX),"R$ 1.399,90",Relógios,1,
2899,Relógio de Pulso Oslo (D1DX),"R$ 1.399,90",Relógios,1,
3574,Relógio de Pulso Orient Mecânico (D1NX),"R$ 2.239,90",Relógios Automáticos,2,
2913,Relógio de Pulso Orient (D1NX),"R$ 929,90",Relógios,1,
2894,Relógio de Pulso Orient (D1NX),"R$ 1.199,90",Relógios,1,
3130,Relógio de Pulso Oslo (D1PX),"R$ 1.299,90",Relógios,1,
3630,Relógio de Pulso Orient Mecânico (D1SX),"R$ 2.369,90",Relógios Automáticos,2,
3576,Relógio de Pulso Orient Mecânico (D1SX),"R$ 2.369,90",Relógios Automáticos,2,
3037,Relógio de Pulso Orient Mecânico (D1SX),"R$ 2.149,90",Relógios Automáticos,1,
3808,Relógio de Pulso Orient Mecânico (D1SX),"R$ 2.699,90",Relógios Automáticos,1,
2892,Relógio de Pulso Orient (D1SX),"R$ 1.459,90",Relógios,1,
2902,Relógio de Pulso Oslo (D1SX),"R$ 1.199,90",Relógios,1,
3869,Driver D250-X JBL,"R$ 0,01",Áudio,24,
2909,Relógio de Pulso Orient (D2DX),"R$ 1.589,90",Relógios,1,
3124,Relógio de Pulso Oslo (D2DX),"R$ 1.649,90",Relógios,1,
2923,Relógio de Pulso Orient (D2NX),"R$ 799,90",Relógios,1,
3581,Relógio de Pulso Orient (D2SX),"R$ 1.459,90",Relógios,2,
3872,Driver D350 JBL,"R$ 0,01",Áudio,12,
3871,Driver D450 Trio JBL,"R$ 0,01",Áudio,24,
1165,Desk Pad Workplace Couro Café Nordweg,"R$ 319,00",Acessórios,2,
1164,Desk Pad Workplace Couro Preto Nordweg,"R$ 319,00",Acessórios,1,
1129,Desk Pad Workplace Couro Caramelo Nordweg,"R$ 319,00",Acessórios,3,
3411,Dock Station Imagine 3 in 1 20W Preto,"R$ 380,00",Acessórios,5,
686,Dongle Lightning to VGA Apple,"R$ 489,00",Acessórios,1,
3036,Relógio de Pulso Orient Mecânico (E1KX),"R$ 2.279,90",Relógios Automáticos,1,
3628,Relógio de Pulso Orient Mecânico (E1SX),"R$ 2.369,90",Relógios Automáticos,2,
3039,Relógio de Pulso Orient Mecânico (E1SX),"R$ 2.149,90",Relógios Automáticos,2,
3126,Relógio de Pulso Oslo (E1SX),"R$ 1.299,90",Relógios,1,
3136,Relógio de Pulso Oslo (E1SX),"R$ 1.149,90",Relógios,1,
3137,Relógio de Pulso Oslo (E1SX),"R$ 1.149,90",Relógios,1,
2900,Relógio de Pulso Oslo (E1SX),"R$ 1.199,90",Relógios,1,
2917,Relógio de Pulso Orient (E2NX),"R$ 929,90",Relógios,1,
2912,Relógio de Pulso Orient (E2NX),"R$ 1.849,90",Relógios,1,
3212,Cabo USB C-A Nylon Trançado 1.2m Geonav,"R$ 49,90",Acessórios,23,
3210,Cabo USB A-C 1.5m Geonav Preto,"R$ 59,90",Acessórios,5,
3211,Cabo USB A-C 2.0 Silicone 1.5m Geonav Branco,"R$ 59,90",Acessórios,19,
3106,Fone com Fio USB-C Rose Gold Geonav,"R$ 99,00",Áudio,9,
3213,Cabo Lightning Nylon Preto/Branco 1.2m Geonav,"R$ 89,90",Acessórios,19,
3214,Cabo Lightning Nylon Branco/Preto 1.2m Geonav,"R$ 89,90",Acessórios,14,
2597,Pano de Microfibra 3M para Limpeza Geonav,"R$ 29,00",Acessórios,10,
3825,Estabilizador DJI Osmo Mobile 8,"R$ 2.399,90",Acessórios,1,
2404,Expositor Orient Branco Light Grande,"R$ 0,01",Displays,1,
2571,Ar Condicionado Elgin Eco Inv II 12K Frio,"R$ 2.099,90",Eletrodomésticos,172,
2541,Ar Condicionado Elgin Eco Inv II 18K Frio,"R$ 2.659,90",Eletrodomésticos,18,
2537,Ar Condicionado Elgin Eco Inv II 24K Frio,"R$ 3.229,90",Eletrodomésticos,17,
3118,Ar Condicionado Elgin Eco Inv II 30K Frio,"R$ 4.799,00",Eletrodomésticos,4,
2539,Ar Condicionado Elgin Eco Inv II 9K Frio,"R$ 1.769,90",Eletrodomésticos,98,
2596,Ar Condicionado Elgin PT Plus Inverter 56K,"R$ 8.799,00",Eletrodomésticos,1,
2969,Extensão 3 Tomadas Slim Bco 1.0m Force Line,"R$ 39,90",Energia,9,
2971,Extensão 3 Tomadas Slim Bco 3.0m Force Line,"R$ 49,90",Energia,8,
2973,Extensão 3 Tomadas Slim Bco 5.0m Force Line,"R$ 69,90",Energia,10,
2970,Extensão 3 Tomadas Slim Pto 1.0m Force Line,"R$ 39,90",Energia,9,
2972,Extensão 3 Tomadas Slim Pto 3.0m Force Line,"R$ 49,90",Energia,9,
2974,Extensão 3 Tomadas Slim Pto 5.0m Force Line,"R$ 69,90",Energia,9,
902,Extensor de Fita de LED Quente e Frio 1m Geonav,"R$ 89,00",Casa Inteligente,1,
3140,Relógio de Pulso Orient Mecânico (F2MX),"R$ 2.149,90",Relógios Automáticos,2,
639,Filtro Linha 5 Tomadas Preto Volt,"R$ 135,00",Energia,2,
2777,Fone Bluetooth com Case Branca,"R$ 0,01",Áudio,1,
2772,Fone Bluetooth com Case Branca,"R$ 0,01",Áudio,5,
3107,Fone com Fio USB-C Cinza Espacial Geonav,"R$ 99,00",Áudio,8,
3586,Fone de Ouvido JBL Quantum 50N Black,"R$ 279,90",Áudio,5,
3590,Fone de Ouvido JBL Tune 135BT Black,"R$ 449,90",Áudio,5,
3588,Fone de Ouvido JBL Wave Beam 2 NC White,"R$ 639,90",Áudio,3,
1953,Fone de Ouvido Bluetooth ANC/ENC Branco Geonav,"R$ 419,90",Áudio,5,
1954,Fone de Ouvido Bluetooth ANC/ENC Preto Geonav,"R$ 419,90",Áudio,2,
3409,Fone de Ouvido JBL Quantum 400 Preto,"R$ 689,90",Áudio,1,
3623,Fone Imagine Lightning Smart Earphone,"R$ 169,90",Áudio,4,
3624,Fone Imagine Type-C Smart Earphone Branco,"R$ 159,90",Áudio,20,
1728,Fone JBL Endurance Peak 3 TWS Black,"R$ 999,90",Áudio,1,
2061,Fone JBL Junior 320 BT Blue,"R$ 499,90",Áudio,7,
2164,Fone JBL ReflectAero Branco,"R$ 999,90",Áudio,1,
2132,Fone JBL ReflectAero IP68,"R$ 999,90",Áudio,1,
3301,Fone JBL ReflectAero IP68 Black,"R$ 999,90",Áudio,5,
3302,Fone JBL ReflectAero IP68 White,"R$ 999,90",Áudio,3,
2162,Fone JBL Tune 310C Branco,"R$ 169,90",Áudio,1,
1590,Fone JBL Tune 520 BT Black,"R$ 499,90",Áudio,3,
2682,Fone JBL Tune 520 BT Branco,"R$ 499,90",Áudio,46,
1261,Fone JBL Tune 520C Black USB-C,"R$ 499,90",Áudio,65,
702,Fone JBL Tune 520C Blue USB-C,"R$ 399,90",Áudio,65,
1411,Fone JBL Tune 520C Branco USB-C,"R$ 499,90",Áudio,75,
2060,Fone JBL Tune 770NC Black,"R$ 679,90",Áudio,1,
2067,Fone JBL Tune Flex 2 Branco,"R$ 689,90",Áudio,53,
2166,Fone JBL Tune Flex 2 Preto,"R$ 689,90",Áudio,54,
3775,Fone JBL Wave Buds 2 Azul,"R$ 449,90",Áudio,39,
3774,Fone JBL Wave Buds 2 Branco,"R$ 449,90",Áudio,45,
2063,Fone JBL Wave Buds 2 Preto,"R$ 449,90",Áudio,40,
3862,Fone JBL Wave Buds 2 Rosa,"R$ 449,90",Áudio,50,
782,Fone de Ouvido JBL Quantum 50 Preto,"R$ 199,00",Áudio,4,
977,Fone Prime Wireless Headphone Iwill,"R$ 399,90",Áudio,3,
3258,Fone TWS Bluetooth Branco com ANC Max Print,"R$ 159,90",Áudio,1,
3260,Fone TWS Bluetooth Branco com ANC/Display Max Print,"R$ 349,90",Áudio,5,
3259,Fone TWS Bluetooth Preto com ANC/Display Max Print,"R$ 349,90",Áudio,5,
3852,Fone TWS Volt Sound Air BT 5.4,"R$ 379,90",Áudio,1,
3855,Fone TWS Volt Sound Pro BT 5.4,"R$ 499,90",Áudio,1,
3239,Fone TWS Iwill Flow Gen2 Branco,"R$ 159,90",Áudio,3,
3240,Fone TWS Iwill Flow Gen2 Preto,"R$ 179,90",Áudio,1,
3853,Fone Volt Sound Bass BT 6.0,"R$ 649,90",Áudio,1,
2100,Fone Iwill Bud Easy Branco,"R$ 119,90",Áudio,5,
914,Fones de Ouvido On-Ear Bluetooth Preta Geonav,"R$ 379,00",Áudio,1,
271,Fonte Sony 19.5V 4.7 92W,"R$ 239,00",Informática,4,
612,Fonte Acer 19V 3.42 Pino Fino,"R$ 255,00",Informática,10,
221,Fonte Asus 19V 2.37A Pino Fino,"R$ 189,00",Informática,5,
2406,Fonte ATX 500W BrazilPC BPC,"R$ 199,90",Informática,49,
451,Fonte Dell 19.5V 3.34A Pino Grosso,"R$ 240,00",Informática,5,
449,Fonte Dell 19.5V 3.34A Pino Largo,"R$ 249,00",Informática,4,
450,Fonte Dell 19.5V 4.62A,"R$ 219,00",Informática,2,
1884,Fonte Dell 19.5V 3.34A Pino Fino,"R$ 255,00",Informática,6,
656,Fonte FIC 19V 3.42A MCM,"R$ 199,00",Informática,9,
1882,Fonte HP 19.5V 2.05A Pino Fino,"R$ 210,00",Informática,6,
218,Fonte HP 19.5V 3.33A Ultrabook Pino Azul,"R$ 169,00",Informática,7,
266,Fonte HP Pino Grosso 3.25A 65W,"R$ 240,00",Informática,5,
3190,Fonte Lenovo 20V 3.25A 65W,"R$ 279,00",Informática,3,
199,Fonte NB Acer Nitro-5 19V 7.1A 135W,"R$ 489,00",Informática,1,
472,Fonte NB Positivo 5V 3A,"R$ 189,00",Informática,1,
3095,Fonte NB Samsung 19V 2.1A,"R$ 199,00",Informática,7,
252,Fonte NB Samsung 19V 3.33A,"R$ 189,00",Informática,3,
453,Fonte NB Dell Vostro 19V 4.2,"R$ 199,00",Informática,10,
456,Fonte NB Dell 19.5V 3.34A Pino Fino,"R$ 199,00",Informática,1,
525,Fonte NB Lenovo 20V 3.25A,"R$ 219,00",Informática,2,
651,Fonte NB Positivo 12V 2.5A,"R$ 119,00",Informática,1,
251,Fonte NB Samsung 19V 2.1A Pino Fino,"R$ 279,00",Informática,8,
518,Fonte Note Lenovo 20W 1.5A,"R$ 229,90",Informática,12,
156,Fonte para Note VAIO 19V 2.1A,"R$ 189,00",Informática,4,
250,Fonte Samsung Pino Fino 19V 3.16A,"R$ 199,00",Informática,4,
630,Fonte Similar Dell 19.5V 3.34A Pino Longo,"R$ 229,00",Informática,1,
1577,Fonte Slim 5V 60A 220VAC P/ Painel LED Ultra,"R$ 335,00",Energia,10,
3101,Fonte Starlink Geração 3 V4,"R$ 1.149,90",Redes,1,
2996,Fonte Univ p/ Note 9 Adapt Manual Elgin,"R$ 379,90",Informática,60,
3952,Fonte USB-C 3.25A 65W Best Memory,"R$ 355,00",Informática,10,
2980,Forno Alvenaria 50L PT 220V Ind. Fisch. Gas,"R$ 0,01",Eletrodomésticos,1,
2920,Relógio de Pulso Orient (G1GX),"R$ 1.399,90",Relógios,1,
3129,Relógio de Pulso Oslo (G1GX),"R$ 1.199,90",Relógios,1,
3035,Relógio de Pulso Orient Mecânico (G1KX),"R$ 2.279,90",Relógios Automáticos,1,
2919,Relógio de Pulso Orient (G1MX),"R$ 1.589,90",Relógios,1,
2921,Relógio de Pulso Orient (G1PX),"R$ 1.699,90",Relógios,1,
2893,Relógio de Pulso Orient (G1PX),"R$ 1.699,90",Relógios,1,
3629,Relógio de Pulso Orient Mecânico (G1SX),"R$ 2.119,90",Relógios Automáticos,2,
3579,Relógio de Pulso Orient Mecânico (G1SX),"R$ 2.319,90",Relógios Automáticos,2,
2897,Relógio de Pulso Orient Mecânico (G1SX),"R$ 2.129,90",Relógios Automáticos,1,
2898,Relógio de Pulso Orient Mecânico (G1SX),"R$ 2.129,90",Relógios Automáticos,1,
3438,Relógio de Pulso Orient (G1SX),"R$ 509,90",Relógios,2,
3446,Relógio de Pulso Orient (G1SX),"R$ 639,90",Relógios,1,
3812,Relógio de Pulso Orient (G1SX),"R$ 2.149,90",Relógios,1,
2916,Relógio de Pulso Orient (G2NX),"R$ 1.199,90",Relógios,1,
2911,Relógio de Pulso Orient (G3PX),"R$ 1.049,90",Relógios,1,
2245,Garrafa Térmica Iceflow Straw Black 0.47L Stanley,"R$ 479,90",Acessórios,9,
2246,Garrafa Térmica Iceflow Straw Frost 0.47L Stanley,"R$ 479,90",Acessórios,5,
2425,Garrafa Térmica Iceflow Straw Frost 0.47L Stanley,"R$ 349,90",Acessórios,1,
2250,Garrafa Térmica Quick Flip Pomelo 0.71L Stanley,"R$ 0,01",Acessórios,1,
3061,Garrafa Térmica Aero Straw Black 710ml Stanley,"R$ 549,90",Acessórios,1,
3060,Garrafa Térmica Aero Straw Frost 710ml Stanley,"R$ 549,90",Acessórios,1,
3561,Garrafa Térmica Flip Straw Kids Pool 500ml Stanley,"R$ 399,90",Acessórios,1,
2890,Garrafa Aerolight Flipstraw Black 473ml Stanley,"R$ 349,90",Acessórios,1,
3636,Garrafa Flipstraw Ash 473ml Stanley,"R$ 479,90",Acessórios,4,
3072,Garrafa Térmica Aero Transit Cream 0.59L Stanley,"R$ 399,90",Acessórios,1,
3064,Garrafa Térmica Classic Black 950ml Stanley,"R$ 399,90",Acessórios,2,
2421,Garrafa Térmica Classic Black 950ml Stanley,"R$ 399,90",Acessórios,1,
3065,Garrafa Térmica Classic Green 950ml Stanley,"R$ 399,90",Acessórios,2,
1475,Gravador Digital de Imagem Intelbras MHDX 1232,"R$ 0,01",Segurança,1,
1267,Gerador Fotovoltaico 12.87 kWp Jinko,"R$ 37.990,00",Energia Solar,1,
3436,Relógio de Pulso Orient (GOSX),"R$ 629,90",Relógios,1,
3940,Grandstream Access Point Wi-Fi GS-POE30W,"R$ 0,01",Redes,26,
3939,Grandstream Equipamentos de Redes e Wi-Fi,"R$ 0,01",Redes,20,
2243,Garrafa Térmica Aero Transit Antique Rosa 0.47L Stanley,"R$ 479,90",Acessórios,1,
3942,GWN7660ELR Access Point MIMO 2x2 Gigabit Grandstream,"R$ 0,01",Redes,3,
3941,GWN7664ELR Access Point MIMO 4x4 Gigabit Grandstream,"R$ 0,01",Redes,3,
3289,Caixa de Som Harman Kardon Go+Play 3,"R$ 2.499,90",Áudio,2,
3288,Caixa de Som Harman Kardon Onyx Studio 9,"R$ 2.049,90",Áudio,6,
1812,HD Interno 20TB Seagate Exos Enterprise,"R$ 0,01",Informática,5,
1311,HD Interno WD 1TB,"R$ 899,00",Informática,2,
1310,HD Interno WD 2TB,"R$ 489,00",Informática,1,
1312,HD Interno WD 500GB,"R$ 289,00",Informática,6,
1386,SSD 1TB Keepdata,"R$ 719,00",Informática,2,
1304,SSD 240GB Adata 3D,"R$ 299,00",Informática,5,
1087,SSD 240GB BX500 Crucial,"R$ 289,00",Informática,5,
1303,SSD 240GB Macrovip,"R$ 319,00",Informática,6,
1305,SSD 240GB WD Green,"R$ 329,00",Informática,2,
1079,SSD 256GB M.2 Keepdata,"R$ 329,00",Informática,2,
1085,SSD 1TB Crucial,"R$ 999,00",Informática,1,
238,SSD 480GB Kingston A400,"R$ 499,00",Informática,1,
3255,Headphone Bluetooth Preto Max Print,"R$ 119,90",Áudio,3,
3256,Headphone Bluetooth Preto Slim Max Print,"R$ 169,90",Áudio,8,
3589,Headphone JBL JR320 BT Purple,"R$ 569,90",Áudio,5,
1591,Headphone JBL Tune 500 White,"R$ 0,01",Áudio,1,
3250,Headset Basic USB 2.0 Preto Max Eletro,"R$ 119,90",Áudio,19,
3251,Headset Standard 3.5mm P2 Preto Max Print,"R$ 59,90",Áudio,19,
3108,Balança Bioimpedância até 180kg Geonav,"R$ 379,00",Casa Inteligente,1,
2685,Home Charger Adaptador de Parede c/ 1 Porta Iwill,"R$ 149,90",Acessórios,1,
1888,Home Charger Adaptador de Parede c/ 2 Portas Iwill,"R$ 249,90",Acessórios,4,
1894,Home Charger Adaptador USB-C Iwill,"R$ 169,90",Acessórios,3,
3238,Home Charger Adaptador de Parede GaN 45W Iwill,"R$ 199,90",Acessórios,3,
1896,Home Charger Adaptador de Parede USB-C Iwill,"R$ 229,90",Acessórios,3,
1653,Hub USB-C 11 em 1 Cinza Iwill,"R$ 599,90",Acessórios,4,
1651,Hub USB-C 3 em 1 Cinza Iwill,"R$ 379,90",Acessórios,1,
1652,Hub USB-C 8 em 1 Cinza Iwill,"R$ 379,90",Acessórios,1,
3578,Relógio de Pulso Orient Mecânico (I1SX),"R$ 2.319,90",Relógios Automáticos,2,
207,Impressora Laser Monocromática Brother DCPL2540DW,"R$ 2.999,90",Informática,1,
3936,Impressora Laser Color Brother HLL8360CDW,"R$ 6.329,90",Informática,2,
1943,Impressora Laser Mono Brother HL1212W,"R$ 1.699,90",Informática,1,
1944,Impressora Laser Mono Brother HLL1222,"R$ 1.449,90",Informática,1,
3388,Impressora Laser Mono Brother HLL1232WV,"R$ 2.099,90",Informática,6,
2572,Ar Condicionado Split Elgin Eco Inv II 12K Int Frio,"R$ 1.599,90",Eletrodomésticos,172,
2540,Ar Condicionado Split Elgin Eco Inv II 18K Int Frio,"R$ 1.989,90",Eletrodomésticos,18,
2542,Ar Condicionado Split Elgin Eco Inv II 24K Int Frio,"R$ 2.359,90",Eletrodomésticos,19,
3117,Ar Condicionado Split Elgin Eco Inv II 30K Int Frio,"R$ 3.149,00",Eletrodomésticos,4,
2538,Ar Condicionado Split Elgin Eco Inv II 9K Int Frio,"R$ 1.389,90",Eletrodomésticos,98,
2595,Ar Condicionado Split Elgin PT Plus Inv 56K Int Frio,"R$ 5.849,00",Eletrodomésticos,1,
2418,Inversor Automotivo 300W 4 Portas USB Knup,"R$ 799,90",Acessórios,2,
3191,Inversor Automotivo 200W Knup,"R$ 499,90",Acessórios,3,
28,Inversor Automotivo 300W,"R$ 749,90",Acessórios,5,
3187,Inversor Automotivo Fulree,"R$ 399,90",Acessórios,1,
2717,iPad 11 Geração 128GB Rosa,"R$ 4.099,00",Tablets,1,
2591,iPad 11 Geração 128GB Silver,"R$ 4.099,00",Tablets,1,
3215,Caneta Stylus para iPad Geonav,"R$ 179,90",Acessórios,3,
110,iPhone 13 128GB Branco,"R$ 4.549,00",Smartphones,1,
2946,iPhone 13 128GB Branco 85% Seminovo,"R$ 2.699,00",Smartphones,1,
157,iPhone 13 128GB Midnight,"R$ 4.620,00",Smartphones,1,
3785,iPhone 13 Pro Max Gold Seminovo 78%,"R$ 3.799,00",Smartphones,1,
3299,iPhone 14 128GB Preto,"R$ 5.049,00",Smartphones,1,
173,iPhone 14 256GB Midnight 85% Seminovo,"R$ 4.899,90",Smartphones,1,
2982,iPhone 15 Pro Max 256GB Branco 83% Seminovo,"R$ 6.299,90",Smartphones,1,
1742,iPhone 15 Pro Max 256GB Branco 85% Seminovo,"R$ 6.329,00",Smartphones,1,
2056,iPhone 15 Pro Max 256GB Branco Seminovo 89%,"R$ 6.399,00",Smartphones,1,
3100,iPhone 15 Pro Max 256GB Natural 86% Seminovo,"R$ 6.499,00",Smartphones,1,
1947,iPhone 15 Pro Max 256GB Natural 84% Seminovo,"R$ 6.329,00",Smartphones,1,
2604,iPhone 16 Pro Max 256GB Branco Seminovo 94%,"R$ 7.975,00",Smartphones,1,
2857,iPhone 17 Air 256GB Sky Blue,"R$ 9.599,00",Smartphones,1,
3604,iPhone 17 Pro 256GB Silver,"R$ 10.799,00",Smartphones,2,
3096,iPhone 17 Pro Max 1TB Azul,"R$ 16.399,00",Smartphones,1,
2849,iPhone 17 Pro Max 256GB Laranja Cósmico,"R$ 11.499,00",Smartphones,2,
3347,JBL 12SWMS350,"R$ 309,90",Áudio,1,
3346,JBL 1TWMS80 Par,"R$ 389,90",Áudio,16,
3352,JBL 4TRMS80 Par,"R$ 258,00",Áudio,4,
3351,JBL 5TRFX55,"R$ 165,90",Áudio,12,
3353,JBL 5TRMS80 Par,"R$ 269,90",Áudio,21,
3349,JBL 62VFX55,"R$ 189,90",Áudio,11,
3350,JBL 62VMS80 Par,"R$ 369,00",Áudio,1,
3384,JBL 69QDFX110,"R$ 499,90",Áudio,7,
3414,JBL 6TRFX55,"R$ 139,90",Áudio,3,
3354,JBL 6TRMS80 Par,"R$ 259,90",Áudio,2,
1583,JBL Arena 61C,"R$ 0,01",Áudio,1,
1752,JBL Authentics 300 Preta,"R$ 2.449,00",Áudio,1,
3183,JBL Bar 1000M2 Black,"R$ 8.599,90",Áudio,2,
3182,JBL Bar 1300XM2 Black,"R$ 11.999,90",Áudio,2,
3181,JBL Bar 500M2 Black,"R$ 4.199,90",Áudio,1,
3345,JBL Celebrity 150 BR,"R$ 389,90",Áudio,2,
3868,Driver JBL D200-X,"R$ 0,01",Áudio,24,
3184,JBL Go 2 Black,"R$ 499,90",Áudio,13,
3186,JBL Go 2 Red,"R$ 429,90",Áudio,13,
3114,JBL Grip Black,"R$ 849,90",Áudio,3,
3344,JBL Legend 700 BR,"R$ 2.399,90",Áudio,9,
1316,JBL Party Box Encore 2 com 2 Microfones,"R$ 2.999,90",Áudio,51,
1720,JBL Party Box Encore Essential 2,"R$ 1.999,90",Áudio,43,
3393,JBL PartyBox 720 BR,"R$ 7.999,90",Áudio,3,
2075,JBL PartyLight Stick,"R$ 999,90",Áudio,110,
2057,JBL PartyLight Beam,"R$ 999,90",Áudio,189,
2074,JBL RallyBar XL Outdoor,"R$ 6.799,90",Áudio,2,
3415,JBL Selenium 240W Par,"R$ 319,00",Áudio,99,
2403,JBL Stage 260F,"R$ 3.399,90",Áudio,4,
3412,JBL SW8A-MS,"R$ 2.299,90",Áudio,9,
3777,JBL Tune Buds 2 White,"R$ 599,90",Áudio,20,
2401,JBL 220P Black,"R$ 3.999,90",Áudio,3,
2402,JBL 250B Black,"R$ 2.899,90",Áudio,2,
3178,JBL Authentics 500 Black,"R$ 4.429,90",Áudio,1,
3180,JBL Charge 5 Wi-Fi Black,"R$ 1.879,90",Áudio,4,
3179,JBL Clip 5 Black,"R$ 649,90",Áudio,16,
3185,JBL Go 2 Blue,"R$ 429,00",Áudio,14,
2483,JBL Go Essential Black,"R$ 379,90",Áudio,5,
2482,JBL Go Essential Blue,"R$ 379,90",Áudio,5,
2481,JBL Go Essential Red,"R$ 379,90",Áudio,9,
3283,JBL Grip Blue,"R$ 849,90",Áudio,25,
3284,JBL Grip White,"R$ 849,90",Áudio,3,
2399,JBL L42MS Black,"R$ 7.349,90",Áudio,1,
2400,JBL MA510 Black,"R$ 5.949,90",Áudio,1,
1885,JBL MA7100HP Black,"R$ 5.399,90",Áudio,1,
2672,JBL PartyBox 520 BR,"R$ 5.699,90",Áudio,13,
2062,JBL Quantum 400 Black,"R$ 799,90",Áudio,13,
3776,JBL Soundgear Frames Onyx,"R$ 889,90",Áudio,32,
1862,JBL Tour Pro 2 Black,"R$ 1.479,00",Áudio,1,
2398,JBL XD6 Black,"R$ 3.399,90",Áudio,3,
1410,JBL Xtreme 4 Black,"R$ 2.399,90",Áudio,46,
3242,Kit Arteck 2 em 1 Teclado e Mouse Max Print,"R$ 99,90",Informática,8,
3963,Kit Carregador Hrebos Black Chess USB-C,"R$ 279,00",Acessórios,2,
859,Kit Limpa Tela 60ml Geonav,"R$ 59,00",Acessórios,20,
908,Kit Limpa Tela 120ml Geonav,"R$ 69,00",Acessórios,21,
3642,Kit Starlink Mini Lote 1 Preto,"R$ 1.799,90",Redes,7,
3249,Kit Teclado e Mouse com Fio Max Print,"R$ 79,90",Informática,29,
2160,Leitor de Código de Barras Jetway USB,"R$ 249,90",Informática,2,
3891,Cabo Lightning MFi 1.5m Titanium Geonav,"R$ 219,90",Acessórios,20,
1474,Lightning to 3.5mm Headphone Adapter Apple,"R$ 169,00",Acessórios,1,
3890,Cabo USB-C to Lightning 1.5m Geonav,"R$ 205,00",Acessórios,9,
840,Localizador Inteligente MyFinder Geonav,"R$ 159,00",Casa Inteligente,2,
854,Luminária LED por Indução Geonav,"R$ 299,00",Casa Inteligente,1,
1301,SSD M.2 NVME WD 480GB,"R$ 469,00",Informática,9,
3922,MagWallet Pop Prodigee Blk,"R$ 179,90",Acessórios,3,
1145,Mala de Viagens de Couro Café Nordweg,"R$ 1.949,00",Acessórios,1,
242,Memória 8GB 1600 DDR3 Macrovip,"R$ 169,00",Informática,13,
1306,Memória 8GB 1600MHz Macrovip,"R$ 249,00",Informática,14,
3316,Memória AFOX DDR3 8GB,"R$ 399,90",Informática,2,
1307,Memória DDR4 8GB 2666MHz Corsair,"R$ 349,00",Informática,2,
2389,Memória Desktop 8GB DDR3 1600 Duex Box,"R$ 129,90",Informática,20,
1990,Memória Hiker 16GB DDR4 3200MHz,"R$ 499,90",Informática,5,
1970,Memória Hiksemi 16GB DDR4 3200MHz,"R$ 339,00",Informática,2,
3317,Memória Hikvision 8GB DDR4 2666MHz,"R$ 499,90",Informática,2,
1565,Memória PC3L-12800 8GB Kingston,"R$ 0,01",Informática,1,
2517,Microfone Hollyland Lark M2 Combo,"R$ 1.249,00",Áudio,1,
2076,Microfone JBL PBM100 com Fio,"R$ 349,90",Áudio,1,
805,Microfone JBL Wireless Mic,"R$ 999,00",Áudio,1,
3385,Microfone S/ Fio Aiwa com 2,"R$ 829,90",Áudio,19,
1335,Microfone Sem Fio Hollyland Lark M1,"R$ 1.279,00",Áudio,1,
3325,Microfone Sem Fio Duplo Wireless Mic BR2 JBL,"R$ 1.099,90",Áudio,1,
3754,Mini Ventilador c/ Ar Condicionado Handheld,"R$ 249,90",Eletrodomésticos,3,
2142,Mochila de Couro Black Edition Café Nordweg,"R$ 2.229,00",Mochilas,1,
2879,Mochila de Couro Black Edition Caramelo Nordweg,"R$ 2.699,00",Mochilas,1,
2140,Mochila de Couro Black Edition Italiano Nordweg,"R$ 2.349,00",Mochilas,2,
2141,Mochila de Couro Black Edition Italiano Preto Nordweg,"R$ 2.229,00",Mochilas,2,
1138,Mochila de Couro Black Edition Preto Nordweg,"R$ 2.599,00",Mochilas,1,
1142,Mochila Dolomitas em Couro Preto Nordweg,"R$ 2.699,00",Mochilas,2,
2144,Mochila em Couro Legítimo Italiano Preto Nordweg,"R$ 2.279,00",Mochilas,1,
1136,Mochila em Couro Italiano Café Nordweg,"R$ 2.699,00",Mochilas,2,
1756,Mochila em Couro Italiano Preto Nordweg,"R$ 2.699,00",Mochilas,2,
1881,Mochila Lenovo Thinkpad 15.6,"R$ 149,00",Mochilas,1,
1809,Mochila Lenovo Thinkpad 15.6 Basic,"R$ 249,90",Mochilas,6,
3266,Mochila Maxprint Trolley Staid 1 PC Nylon,"R$ 399,90",Mochilas,6,
2143,Mochila Nordweg Italiano Café,"R$ 2.349,00",Mochilas,1,
3261,Mochila Office Maxprint Nylon Oxford,"R$ 299,90",Mochilas,9,
3262,Mochila Office Trolley Maxprint Nylon,"R$ 499,90",Mochilas,4,
3264,Mochila para Note Maxprint Class 1 PC,"R$ 119,90",Mochilas,11,
3265,Mochila para Note Maxprint Needs 1 PC,"R$ 119,90",Mochilas,11,
1125,Mochila Slim em Couro Café Nordweg,"R$ 1.899,00",Mochilas,2,
1126,Mochila Slim em Couro Preto Nordweg,"R$ 1.899,00",Mochilas,3,
1130,Mochila Studio em Couro Verde Nordweg,"R$ 1.289,00",Mochilas,1,
1840,Monitor 21.5 LG Gamer FHD 75Hz,"R$ 999,90",Informática,2,
3645,Monitor 21.5 Philips LED Gaming,"R$ 1.099,90",Informática,1,
3022,Monitor 23 LED VGA+HDMI Vix,"R$ 659,90",Informática,4,
3582,Monitor 27 Philips LED Gaming,"R$ 1.499,90",Informática,1,
2275,Monitor Acer E200Q 19.5 HDMI,"R$ 979,90",Informática,13,
2715,Monitor DX 27 165Hz IPS Duex,"R$ 1.649,90",Informática,7,
2090,Monitor Gamer Samsung WQHD 34 165Hz,"R$ 3.799,90",Informática,1,
3023,Monitor LED 15.4 VGA+HDMI Vix,"R$ 449,90",Informática,6,
2405,Monitor LED 21.5 BrazilPC FHD 75Hz,"R$ 819,90",Informática,4,
3119,Monitor Samsung Gamer Odyssey G5 27 Curvo,"R$ 2.789,90",Informática,3,
3271,Mouse Airy Sem Fio 2.4G 1600DPI Preto,"R$ 29,90",Informática,4,
2151,Mouse Bright 0095 S/ Fio Preto,"R$ 69,90",Informática,1,
2546,Mouse Com Fio 1200DPI Multilaser Preto,"R$ 49,90",Informática,6,
3276,Mouse Com Fio USB Logitech M90 Preto,"R$ 79,90",Informática,6,
3272,Mouse Croma Sem Fio 2.4G 1600DPI Preto,"R$ 49,90",Informática,3,
911,Mouse Gamer 7 Botões RGB Geonav,"R$ 249,00",Informática,2,
1749,Mouse HP 125 Wired,"R$ 99,00",Informática,4,
3217,Mouse Kross S/ Fio Preto 2,"R$ 129,90",Informática,4,
3275,Mouse Logitech M110 Silent Black,"R$ 109,90",Informática,9,
1831,Mouse Logitech M170 Sem Fio Preto,"R$ 89,90",Informática,10,
2907,Mouse Logitech M220 Preto,"R$ 149,90",Informática,7,
3274,Mouse Logitech M650 Signature Grafite,"R$ 329,90",Informática,5,
2690,Mouse Logitech M90,"R$ 89,90",Informática,1,
3270,Mouse Officeeasy Com Fio USB 1200DPI Preto,"R$ 29,90",Informática,39,
2214,Mouse S/ Fio Multilaser Lítio 1600 Preto,"R$ 99,90",Informática,2,
2566,Mouse S/ Fio Multilaser Lítio 4 Bot Preto,"R$ 99,90",Informática,2,
2906,Mouse S/ Fio Lenovo 300 Preto,"R$ 79,90",Informática,1,
3817,Mouse S/ Fio Logitech M170 Branco,"R$ 139,90",Informática,9,
3865,Mouse S/ Fio Logitech M170 Cinza,"R$ 189,00",Informática,2,
2904,Mouse S/ Fio Logitech M185 Cinza,"R$ 169,90",Informática,5,
2689,Mouse S/ Fio Logitech M190 Cinza/Preto,"R$ 129,90",Informática,1,
2093,Mouse S/ Fio Logitech M196 BT Grafite,"R$ 129,90",Informática,2,
2688,Mouse S/ Fio Logitech M280 Preto,"R$ 159,90",Informática,4,
2692,Mouse S/ Fio Logitech M310 Preto,"R$ 199,90",Informática,7,
3863,Mouse S/ Fio Logitech M650L Signature Preto,"R$ 399,00",Informática,10,
1598,Mouse Sem Fio Híbrido Multilaser M0332,"R$ 145,90",Informática,1,
1597,Mouse Sem Fio Híbrido Multilaser MS700,"R$ 111,90",Informática,1,
910,Mouse Sem Fio Receptor USB 2.4GHz Geonav,"R$ 99,99",Informática,10,
2567,Mouse Warrior Dash Wireless Multilaser,"R$ 299,90",Informática,1,
1418,Mouse Wireless 2.4 GHz Kross,"R$ 59,90",Informática,3,
2905,Mousepad Kross KE-MP1010,"R$ 39,90",Informática,6,
2066,Impressora Multifuncional Laser Mono Brother,"R$ 2.889,90",Informática,4,
3320,Nobreak SMS Tech 1200VA 600W,"R$ 1.349,90",Energia,1,
3321,Nobreak SMS Tech 700VA 350W,"R$ 899,90",Energia,1,
1836,Nobreak UPS Garen 650VA Bivolt,"R$ 599,00",Energia,1,
2352,Notebook Acer 14 i7 16GB 512SSD,"R$ 6.699,90",Informática,1,
2394,Notebook Acer Nitro V15 i5 16GB 512SSD,"R$ 9.299,90",Informática,1,
3887,Notebook Asus R5 8GB 512GB SSD 15.6,"R$ 4.199,90",Informática,7,
3888,Notebook Asus R7 8GB 512GB SSD 15.6,"R$ 4.849,90",Informática,7,
2279,Notebook Asus Intel Celeron 4GB 128SSD,"R$ 2.899,90",Informática,10,
2882,Carteira para AirTag em Couro Nordweg,"R$ 399,00",Acessórios,4,
2880,Mochila em Couro Legítimo Nordweg,"R$ 2.699,00",Mochilas,1,
1666,Case para Note Nordweg,"R$ 569,00",Acessórios,1,
2881,Mochila para Note Dolomitas Nordweg,"R$ 2.799,00",Mochilas,1,
1115,Mala Gym Bag Dolomitas em Couro Nordweg,"R$ 1.829,00",Mochilas,1,
1123,Case para Note Workplace Nordweg,"R$ 629,00",Acessórios,1,
1669,Case para iPad em Couro Office Nordweg,"R$ 219,00",Acessórios,2,
3599,Teclado S/ Fio BT ABNT2 78 Teclas Geonav,"R$ 249,90",Informática,10,
2896,Relógio de Pulso Orient Mecânico (P1KX),"R$ 2.249,90",Relógios Automáticos,1,
3125,Relógio de Pulso Oslo (P1PK),"R$ 2.099,90",Relógios,1,
3810,Relógio de Pulso Orient Mecânico (P1PX),"R$ 2.399,90",Relógios Automáticos,1,
3138,Relógio de Pulso Oslo (P1PX),"R$ 1.299,90",Relógios,1,
2901,Relógio de Pulso Oslo (P1PX),"R$ 1.329,90",Relógios,1,
3806,Relógio de Pulso Orient Mecânico (P1SX),"R$ 2.399,90",Relógios Automáticos,1,
3135,Relógio de Pulso Oslo (P1SX),"R$ 1.399,90",Relógios,1,
2895,Relógio de Pulso Orient Mecânico (P2PX),"R$ 1.979,90",Relógios Automáticos,1,
2891,Relógio de Pulso Orient (P2PX),"R$ 489,90",Relógios,1,
3440,Relógio de Pulso Orient (P2PX),"R$ 539,90",Relógios,1,
1757,Party Wallet em Couro Italiano Nordweg,"R$ 159,00",Acessórios,1,
1758,Party Wallet em Couro Café Nordweg,"R$ 159,00",Acessórios,1,
3105,Power Bank 10.000 mAh Indução Geonav Cinza,"R$ 429,00",Acessórios,7,
3216,Power Bank 10.000 mAh MagSafe Geonav,"R$ 359,90",Acessórios,21,
1197,Película iPhone 15 Pro X-One,"R$ 289,00",Acessórios Mobile,4,
3781,Película 5 Geração 17 Pro Max Matte X-One,"R$ 379,00",Acessórios Mobile,14,
3782,Película Armorvisor Privacy 17 Pro Max X-One,"R$ 379,00",Acessórios Mobile,8,
3648,Película Câmera Halosure iPhone 17 Pro Blue Shokan,"R$ 179,90",Acessórios Mobile,7,
3432,Película Câmera Halosure iPhone 17 Pro Max Shokan,"R$ 179,90",Acessórios Mobile,9,
3343,Película Câmera Halosure iPhone 17 Pro Max Shokan,"R$ 179,90",Acessórios Mobile,8,
3431,Película Câmera Halosure iPhone 17 Pro Max Shokan,"R$ 179,90",Acessórios Mobile,4,
3650,Película Câmera Halosure iPhone 17 Pro Shokan,"R$ 179,90",Acessórios Mobile,7,
3649,Película Câmera Halosure iPhone 17 Pro Silver Shokan,"R$ 179,90",Acessórios Mobile,7,
649,Película de Vidro iPhone 5D,"R$ 59,90",Acessórios Mobile,17,
604,Película Gorilla Glass Fosca/Privacidade,"R$ 119,90",Acessórios Mobile,1,
3896,Película Prodigee Polyflex Privacy iPhone 14,"R$ 149,90",Acessórios Mobile,10,
3892,Película Prodigee Polyflex Privacy iPhone 14 Pro,"R$ 149,90",Acessórios Mobile,10,
3894,Película Prodigee Polyflex Privacy iPhone 15,"R$ 149,90",Acessórios Mobile,10,
3895,Película Prodigee Polyflex Privacy iPhone 15 Pro,"R$ 149,90",Acessórios Mobile,10,
3893,Película Prodigee Polyflex Privacy iPhone 16,"R$ 149,90",Acessórios Mobile,10,
3783,Película Safira 17 Pro Max X-One,"R$ 279,90",Acessórios Mobile,8,
3901,Película Shokan Gorilla Flex iPhone,"R$ 149,90",Acessórios Mobile,25,
3900,Película Shokan Gorilla Flex iPhone 14 Pro Max,"R$ 149,90",Acessórios Mobile,14,
3899,Película Shokan Gorilla Flex iPhone 15 HD,"R$ 149,90",Acessórios Mobile,15,
3898,Película Shokan Gorilla Flex iPhone 16 HD,"R$ 149,90",Acessórios Mobile,15,
3907,Película Shokan Gorilla Flex iPhone 16 Pro Max,"R$ 149,90",Acessórios Mobile,13,
3904,Película Shokan Gorilla Flex iPhone 16 Pro Max,"R$ 149,90",Acessórios Mobile,14,
3908,Película Shokan Gorilla Flex iPhone 16 Pro / 17,"R$ 149,90",Acessórios Mobile,13,
3897,Película Shokan Gorilla Flex iPhone 16 Pro / 17 HD,"R$ 149,90",Acessórios Mobile,15,
3906,Película Shokan Gorilla Flex iPhone 17 Pro Fosca,"R$ 149,90",Acessórios Mobile,8,
3903,Película Shokan Gorilla Flex iPhone 17 Pro HD,"R$ 149,90",Acessórios Mobile,12,
3905,Película Shokan Gorilla Flex iPhone 17 Pro Max,"R$ 149,90",Acessórios Mobile,19,
3902,Película Shokan Gorilla Flex iPhone 17 Pro Max,"R$ 129,90",Acessórios Mobile,13,
2618,Película Shokan Premium Shield Câmeras,"R$ 159,90",Acessórios Mobile,17,
2619,Película Shokan Premium Shield Câmeras,"R$ 159,90",Acessórios Mobile,3,
2614,Película Shokan Premium Shield Câmeras,"R$ 159,90",Acessórios Mobile,21,
2615,Película Shokan Premium Shield Câmeras,"R$ 159,90",Acessórios Mobile,2,
2616,Película Shokan Premium Shield Câmeras,"R$ 159,90",Acessórios Mobile,1,
2617,Película Shokan Premium Shield Câmeras,"R$ 159,90",Acessórios Mobile,3,
2613,Película Shokan Premium Shield 10D iPhone 16 Pro,"R$ 159,90",Acessórios Mobile,21,
2435,Película Shokan Premium Shield 10D iPhone 16 Pro,"R$ 159,90",Acessórios Mobile,12,
2434,Película Shokan Premium Shield 10D iPhone 16 Pro,"R$ 159,90",Acessórios Mobile,15,
2432,Película Shokan Premium Shield 10D iPhone 16 Pro,"R$ 149,90",Acessórios Mobile,11,
2509,Película Shokan Premium Shield 10D iPhone 16 Pro,"R$ 159,90",Acessórios Mobile,23,
2433,Película Shokan Premium Shield 10D iPhone 16 Pro,"R$ 149,90",Acessórios Mobile,11,
2431,Película Shokan Premium Shield 10D iPhone 16 Pro,"R$ 149,90",Acessórios Mobile,4,
2612,Película Shokan Sapphire 10D iPhone 15 Fosca,"R$ 149,90",Acessórios Mobile,18,
2611,Película Shokan Sapphire 10D iPhone 15 Pro Max,"R$ 149,90",Acessórios Mobile,15,
168,Películas Diversas,"R$ 69,00",Acessórios Mobile,99,
636,Películas iPhone Diversas,"R$ 55,00",Acessórios Mobile,50,
3277,Pendrive Kingston DTX 128GB USB-A 3.2,"R$ 119,90",Informática,5,
3278,Pendrive Kingston DTX 64GB USB-A 3.2,"R$ 69,90",Informática,8,
3619,Perfume Marina de Bourbon,"R$ 459,90",Perfumes,2,
3609,Perfume Al Noble da Lattafa,"R$ 369,90",Perfumes,2,
3792,Perfume Al Noble Wazeer,"R$ 329,90",Perfumes,4,
3795,Perfume Al Wataniah Durrat Al Aroos,"R$ 289,90",Perfumes,3,
3796,Perfume Ameerat Al Arab,"R$ 289,90",Perfumes,4,
3880,Perfume Ameerat Al Arab Prive Rose,"R$ 289,90",Perfumes,2,
3819,Perfume Angham Lattafa,"R$ 349,90",Perfumes,1,
3803,Perfume Animale for Men,"R$ 419,90",Perfumes,3,
3885,Perfume Attar Al Wesal,"R$ 349,90",Perfumes,2,
3879,Perfume B.A.D Femme,"R$ 319,90",Perfumes,2,
3773,Body Splash Victoria Secret Velvet,"R$ 249,90",Perfumes,2,
3768,Body Splash Victoria Secret Bare,"R$ 249,90",Perfumes,3,
3766,Body Splash Victoria Secret Coconut,"R$ 249,90",Perfumes,4,
3770,Body Splash Victoria Secret Pure,"R$ 249,90",Perfumes,2,
3949,Perfume Club de Nuit Woman,"R$ 529,90",Perfumes,2,
3621,Perfume Euphoria Calvin Klein EDP,"R$ 669,90",Perfumes,1,
3613,Perfume Fakhar Gold Extrait Lattafa,"R$ 379,90",Perfumes,4,
3615,Perfume Fakhar Rose Lattafa,"R$ 369,90",Perfumes,1,
3856,Perfume Ferrari Black,"R$ 379,90",Perfumes,3,
3878,Perfume Glacier Le Noir,"R$ 349,90",Perfumes,3,
3769,Hidratante Victoria Secret Bare,"R$ 249,90",Perfumes,4,
3771,Hidratante Victoria Secret Pure,"R$ 249,90",Perfumes,1,
3772,Hidratante Victoria Secret Velvet,"R$ 249,90",Perfumes,1,
3767,Hidratante Victoria Secret Coconut,"R$ 249,90",Perfumes,4,
3860,Perfume Jean Paul Gaultier Le Beau,"R$ 999,90",Perfumes,1,
3794,Perfume Lattafa Asad Bourbon,"R$ 369,90",Perfumes,1,
3793,Perfume Lattafa Asad Elixir,"R$ 429,90",Perfumes,1,
3797,Perfume Lattafa Khamrah Qahwa,"R$ 349,90",Perfumes,1,
3948,Perfume Lattafa Khamrah Tradicional,"R$ 349,90",Perfumes,2,
3861,Perfume Lattafa Noble Blush,"R$ 349,90",Perfumes,4,
3616,Perfume Leonie Maison Alhambra,"R$ 339,90",Perfumes,2,
3818,Perfume Musamam Lattafa,"R$ 499,90",Perfumes,4,
3859,Perfume Paco Rabanne Olympea,"R$ 899,90",Perfumes,1,
3614,Perfume Sabah Al Ward Al Wataniah,"R$ 349,90",Perfumes,2,
3618,Perfume Sabah Al Ward Sugar,"R$ 449,90",Perfumes,1,
3951,Perfume Sabah Al Ward Valentine,"R$ 449,90",Perfumes,2,
3611,Perfume Salvo EDP Maison Alhambra,"R$ 339,90",Perfumes,3,
3610,Perfume Salvo Elixir Maison Alhambra,"R$ 339,90",Perfumes,1,
3608,Perfume Silver Scent Jacques Bogart,"R$ 349,90",Perfumes,2,
3884,Perfume So Candid Pour Femme,"R$ 349,90",Perfumes,2,
3617,Perfume Yara Lattafa,"R$ 339,90",Perfumes,2,
3950,Perfume Yara Elixir Lattafa,"R$ 399,90",Perfumes,4,
3877,Perfume Yeah Man,"R$ 289,90",Perfumes,2,
3038,Relógio de Pulso Orient Mecânico (PESX),"R$ 2.149,90",Relógios Automáticos,1,
2498,Pilha Philips Alcalina LR03 AAA C/2,"R$ 19,90",Energia,18,
2499,Pilha Philips Alcalina LR03 AAA C/4,"R$ 29,90",Energia,15,
2500,Pilha Philips Alcalina LR06 AA C/2,"R$ 19,90",Energia,16,
2501,Pilha Philips Alcalina LR06 AA C/4,"R$ 29,90",Energia,17,
1760,Porta Cartões Nômade Caramelo Nordweg,"R$ 169,00",Acessórios,1,
1761,Porta Cartões Nômade Italiano Café Nordweg,"R$ 169,00",Acessórios,2,
1762,Porta Cartões Nômade Italiano Preto Nordweg,"R$ 169,00",Acessórios,1,
1661,Porta Objetos Workplace Couro Nordweg,"R$ 189,00",Acessórios,2,
1143,Porta Vinhos Couro Italiano Café Nordweg,"R$ 549,00",Acessórios,1,
1406,Power Adapter 61W USB-C Apple,"R$ 1.349,00",Acessórios,1,
2103,Power Bank Starlink Min 60.000mAh 100W Imenso,"R$ 1.199,00",Acessórios,4,
2694,Power Bank Titanpower Starlink Min Hrebos,"R$ 699,90",Acessórios,11,
2941,Power Bank Ultra Compacto 20.000mAh 20W Geonav,"R$ 569,90",Acessórios,4,
2940,Power Bank Ultrarrápido 10.000mAh 20W Geonav,"R$ 379,90",Acessórios,3,
3848,Powerbank Charge Pro 10.000 mAh Branco Volt,"R$ 449,90",Acessórios,1,
3849,Powerbank Charge Pro 10.000 mAh Preto Volt,"R$ 449,90",Acessórios,1,
3845,Powerbank Magnético 5.000 mAh Branco Volt,"R$ 379,90",Acessórios,1,
3844,Powerbank Magnético 5.000 mAh Preto Volt,"R$ 379,90",Acessórios,1,
3854,Powerbank Power Sync 10.000 mAh Preto Volt,"R$ 499,90",Acessórios,1,
3390,Projetor Acer X1328WH 5000 Lumens WXGA,"R$ 5.099,90",Projetores,3,
3377,Projetor Epson EpiqVision FH02 3000 Lumens,"R$ 4.899,90",Projetores,1,
526,Projetor Epson Mult CO-W01 3000 Lumens,"R$ 4.799,00",Projetores,1,
3376,Projetor Epson PowerLite E24 3600 Lumens XGA,"R$ 5.099,90",Projetores,2,
3378,Projetor Epson PowerLite W49 3800 Lumens,"R$ 7.599,90",Projetores,1,
3319,Protetor de Teclado Moshi Clearguard,"R$ 139,90",Acessórios,2,
3556,Pulseira Dourada com Bolas Lisas,"R$ 0,01",Joias,1,
3755,Pulseira Jinya Fabric Band Apple Watch 41/40,"R$ 119,90",Acessórios,2,
3731,Pulseira Jinya Fabric Band Apple Watch 49/45,"R$ 119,90",Acessórios,4,
3759,Pulseira Jinya Silicon Band Apple Watch 41/40,"R$ 119,90",Acessórios,2,
3742,Pulseira Jinya Silicon Band Apple Watch 49/45,"R$ 119,90",Acessórios,1,
3750,Pulseira Jinya Sport Silicone Band Apple,"R$ 149,90",Acessórios,1,
3560,Pulseira Marrom de Couro Lince,"R$ 0,01",Acessórios,1,
2829,Pulseira Mondaine Dourada c/ Pedras,"R$ 0,01",Joias,1,
2736,Pulseira Mondaine Dourada c/ Pedras,"R$ 0,01",Joias,2,
2774,Pulseira PU Caramelo c/ Fecho Metal Preto,"R$ 0,01",Acessórios,6,
2241,Copo Quencher Stanley Antique Pink 0.88L,"R$ 0,01",Acessórios,1,
3068,Copo Quencher Stanley Camel 1.18L,"R$ 639,90",Acessórios,1,
2242,Copo Quencher Stanley Cream Moon 0.88L,"R$ 499,90",Acessórios,2,
2240,Copo Quencher Stanley Creme Lua 1.18L,"R$ 499,99",Acessórios,3,
3584,Ray-Ban Meta Skyler Gen 2,"R$ 4.799,00",Acessórios,1,
1901,Roteador Mikrotik RB 951UI-2HND,"R$ 599,00",Redes,2,
3706,Relógio de Pulso Mondaine (DCR-E),"R$ 0,01",Relógios,2,
2756,Relógio de Pulso Seculus (32853L0MVNM2),"R$ 649,90",Relógios,2,
2757,Relógio de Pulso Seculus (32871L0MKNE2K1),"R$ 419,90",Relógios,3,
2754,Relógio de Pulso Seculus (32832LPMKDE1K1),"R$ 519,90",Relógios,2,
2767,Relógio de Pulso Seculus (32853LPMVDM1),"R$ 659,90",Relógios,2,
2761,Relógio de Pulso Seculus (99824LPMVDE1),"R$ 569,90",Relógios,2,
2796,Relógio de Pulso Seculus (20928G0SVNA2K1),"R$ 519,90",Relógios,1,
3055,Smartwatch Lince (LSWUQPI003),"R$ 669,90",Smartwatches,1,
3056,Smartwatch Lince (LSWUQPI002),"R$ 669,90",Smartwatches,1,
2589,Smartwatch X-Watch (XSWUQPI003A),"R$ 419,90",Smartwatches,8,
2590,Smartwatch X-Watch (XSWUQPI001A),"R$ 359,90",Smartwatches,10,
2579,Smartwatch X-Watch (XSWUQPI005A),"R$ 359,90",Smartwatches,4,
2580,Smartwatch X-Watch (XSWUQPI004A),"R$ 359,90",Smartwatches,4,
3058,Smartwatch X-Watch (XSWUQPI011A),"R$ 499,90",Smartwatches,1,
3059,Smartwatch X-Watch (XSWUQPI006A),"R$ 359,90",Smartwatches,3,
1702,Roteador Huawei Wi-Fi WS7000-AX2S,"R$ 340,90",Redes,7,
1421,Roteador Huawei Wi-Fi WS7001-40 AX2,"R$ 219,00",Redes,287,
469,Roteador Wi-Fi Hotspot 300 Check-in Intelbras,"R$ 350,00",Redes,2,
1961,Roteador Wireless TP-Link EX220 Wi-Fi 6 Dual,"R$ 349,90",Redes,4,
3120,Relógio de Pulso Oslo (S1KX),"R$ 1.299,90",Relógios,1,
3443,Relógio de Pulso Orient (S1NX),"R$ 889,90",Relógios,1,
3580,Relógio de Pulso Orient Mecânico (S1SK),"R$ 2.369,90",Relógios Automáticos,2,
3444,Relógio de Pulso Orient (S1SX),"R$ 639,90",Relógios,1,
3123,Relógio de Pulso Oslo (S2KX),"R$ 1.499,90",Relógios,1,
3439,Relógio de Pulso Orient (S2SX),"R$ 599,90",Relógios,1,
3814,Relógio de Pulso Orient (S3KX),"R$ 779,90",Relógios,1,
3813,Relógio de Pulso Orient (S3KX),"R$ 779,90",Relógios,1,
1588,Sensor de Fumaça Inteligente Wi-Fi Geonav,"R$ 0,01",Casa Inteligente,1,
839,Sensor de Gás Natural e GLP Wi-Fi Geonav,"R$ 321,00",Casa Inteligente,1,
1769,Sleeve para Note 15 Cinza Iwill,"R$ 299,90",Acessórios,1,
1768,Sleeve para Note 13 Cinza Iwill,"R$ 299,90",Acessórios,2,
2721,Smart TV Philips 65 LED 4K Google TV,"R$ 4.399,90",TVs,1,
3233,Smartphone Xiaomi Poco F7 5G 512GB/12GB,"R$ 2.751,00",Smartphones,3,
1926,Smartphone Xiaomi Redmi Note 14 6GB/128GB,"R$ 856,00",Smartphones,2,
3435,Smartwatch Lince Cx Dourada (LSWUQPM003),"R$ 889,90",Smartwatches,1,
2131,Soundbar JBL Cinema SB180,"R$ 1.699,90",Áudio,10,
3044,Ar Condicionado Split Vix HW 18K 220V,"R$ 4.099,90",Eletrodomésticos,6,
3043,Ar Condicionado Split Vix HW 30K 220V,"R$ 6.709,90",Eletrodomésticos,17,
3045,Ar Condicionado Split Vix HW 9K 220V,"R$ 2.809,90",Eletrodomésticos,71,
2502,SSD 512GB SATA V2 Best Memory,"R$ 749,00",Informática,102,
2212,SSD Hikvision 256GB M.2 NVME,"R$ 399,90",Informática,5,
3867,Super Tweeter ST200 JBL,"R$ 0,01",Áudio,23,
3866,Super Tweeter ST304 JBL,"R$ 0,01",Áudio,36,
3348,Super Tweeter ST400 Trio JBL,"R$ 239,00",Áudio,4,
3870,Super Tweeter ST450 Trio JBL,"R$ 0,01",Áudio,24,
2563,Copo Everyday Inox 296ml Stanley,"R$ 299,90",Acessórios,1,
3637,Starlink Mini (Venda),"R$ 0,00",Redes,930,
3923,Sunset Lamp LED Atmosphere,"R$ 69,90",Casa Inteligente,4,
2929,Suporte Veicular Magnético Preto Geonav,"R$ 119,00",Acessórios,2,
2965,Suporte 3 Movimentos p/ TV 10-60 Force Line,"R$ 99,90",Acessórios,8,
2966,Suporte 4 Movimentos p/ TV 10-60 Force Line,"R$ 159,90",Acessórios,7,
2964,Suporte com Inclinação p/ TV 10-56 Force Line,"R$ 69,90",Acessórios,9,
2287,Suporte de Alumínio para Note Geonav,"R$ 229,90",Acessórios,2,
2534,Suporte de Parede Fixo p/ TV 100 Imagine,"R$ 49,90",Acessórios,2,
3912,Suporte Fixo ELG UNI80B Universal,"R$ 59,90",Acessórios,27,
2119,Suporte Fixo Universal TV 10-100 Slim Force Line,"R$ 29,90",Acessórios,6,
2383,Suporte p/ Projetor Pro 5 Sumay,"R$ 219,00",Acessórios,2,
2384,Suporte p/ Projetor Pro3 5126 Sumay,"R$ 369,00",Acessórios,1,
3253,Suporte para Note Propmax Light 2 Fans Max Print,"R$ 119,90",Informática,25,
421,Suporte Parede p/ Telas até 100 Multilaser,"R$ 59,90",Acessórios,4,
1729,Suporte Veicular Externo para Starlink Mini JFM,"R$ 1.099,00",Redes,11,
1856,Suporte Veicular Externo para Starlink Mini JFM,"R$ 1.099,00",Redes,16,
1858,Suporte Veicular Interno Starlink Mini JFM,"R$ 679,00",Redes,20,
2842,Suporte Veicular Interno Starlink Mini Preto JFM,"R$ 679,90",Redes,9,
3208,Suporte Portátil Alumínio 4 a 7 Geonav,"R$ 89,90",Acessórios,5,
1561,Switch 8 Portas 2Flex,"R$ 0,01",Redes,1,
2238,Taça Térmica Lift Spirits Chroma 414ml Stanley,"R$ 0,01",Acessórios,1,
2237,Taça Térmica Lift Spirits Inox 414ml Stanley,"R$ 0,01",Acessórios,1,
909,Tapete Deskpad para Escritório Geonav,"R$ 149,00",Acessórios,1,
3873,Monitor Gamer WQHD 34 Curvo TCL,"R$ 8.799,00",Informática,1,
2415,Teclado C3Tech USB Multimídia Preto,"R$ 59,90",Informática,2,
2218,Teclado Com Fio TF100 USB Compacto Multilaser,"R$ 49,90",Informática,1,
1847,Teclado Philips Sem Fio Preto ABNT2,"R$ 179,90",Informática,2,
930,Teclado Sem Fio com Receptor USB Geonav,"R$ 199,00",Informática,3,
1848,Telefone Elgin TSF8000R,"R$ 0,01",Eletrodomésticos,1,
3391,Telefone Ramal Sem Fio p/ Expansão Intelbras,"R$ 149,90",Eletrodomésticos,9,
3205,Tinta Epson 544,"R$ 169,90",Informática,1,
3924,Tripé 1.9m Metal,"R$ 0,01",Acessórios,2,
3726,Tripé Flexível c/ Suporte Selfie,"R$ 69,90",Acessórios,3,
3098,Bomba Injetora 2565,"R$ 0,01",Ferramentas,1,
2239,Copo Térmico Flip Straw Lilac 0.88L Stanley,"R$ 0,01",Acessórios,1,
3069,Copo Térmico Flip Straw Azure 887ml Stanley,"R$ 499,90",Acessórios,1,
3071,Copo Térmico Flip Straw Rose 887ml Stanley,"R$ 499,90",Acessórios,2,
3070,Copo Térmico Flip Straw Violet 887ml Stanley,"R$ 499,90",Acessórios,2,
2705,Smart TV LED 32 Samsung LS32BETBL HD,"R$ 1.999,90",TVs,14,
2700,Smart TV LED 43 LG FHD,"R$ 2.539,90",TVs,1,
2227,Smart TV LED 43 Samsung FHD,"R$ 2.499,90",TVs,1,
3373,Smart TV LED 43 Samsung FHD,"R$ 2.659,90",TVs,1,
3910,Smart TV LED 4K 43 LG,"R$ 3.149,00",TVs,10,
2259,Smart TV LED 65 Samsung 4K UHD,"R$ 4.999,90",TVs,3,
3911,Smart TV LED HD 32 LG,"R$ 1.899,00",TVs,3,
3019,Smart TV QLED 100 Hisense,"R$ 20.299,90",TVs,2,
3800,Smart TV QLED 4K 55 TCL Google TV,"R$ 4.049,90",TVs,4,
3109,Cabo USB-C 2.0 1.5m Geonav,"R$ 179,00",Acessórios,6,
2286,Ventilador 40cm Super Power Mondial,"R$ 299,90",Eletrodomésticos,6,
2391,Home Gateway WS7001-40,"R$ 199,90",Redes,400,
3099,Compressor de Ar Elétrico Portátil 2 Xiaomi,"R$ 499,00",Ferramentas,10,